2017,H600,""A Level Art and Design"",""01 Art, Craft and Design: Personal investigation"",120,110,103,88,74,60,46
2017,H600,""A Level Art and Design"",""02 Art, Craft and Design: Externally set task"",80,73,68,59,49,39,30
2017,H601,""A Level Art and Design"",""01 Fine Art: Personal investigation"",120,110,103,88,74,60,46
2017,H601,""A Level Art and Design"",""02 Fine Art: Externally set task"",80,73,68,59,49,39,30
2017,H602,""A Level Art and Design"",""01 Graphic Communication: Personal investigation"",120,110,103,88,74,60,46
2017,H602,""A Level Art and Design"",""02 Graphic Communication: Externally set task"",80,73,68,59,49,39,30
2017,H603,""A Level Art and Design"",""01 Photography: Personal investigation"",120,110,103,88,74,60,46
2017,H603,""A Level Art and Design"",""02 Photography: Externally set task"",80,73,68,59,49,39,30
2017,H604,""A Level Art and Design"",""01 Textile Design: Personal investigation"",120,110,103,88,74,60,46
2017,H604,""A Level Art and Design"",""02 Textile Design: Externally set task"",80,73,68,59,49,39,30
2017,H605,""A Level Art and Design"",""01 Three-Dimensional Design: Personal investigation"",120,110,103,88,74,60,46
2017,H605,""A Level Art and Design"",""02 Three-Dimensional Design: Externally set task"",80,73,68,59,49,39,30
2017,H606,""A Level Art and Design"",""01 Critical and Contextual Studies: Personal Investigation"",120,110,103,88,74,60,46
2017,H606,""A Level Art and Design"",""02 Critical and Contextual Studies: Externally set task"",80,73,68,59,49,39,30
2017,H420,""A Level Biology A"",""01 Biological processes"",100,67,56,47,38,30,22
2017,H420,""A Level Biology A"",""02 Biological diversity"",100,66,57,48,40,31,23
2017,H420,""A Level Biology A"",""03 Unified biology"",70,46,37,33,28,23,18
2017,H422,""A Level Biology B (Advancing Biology)"",""01 Fundamentals of biology"",110,79,68,58,48,38,29
2017,H422,""A Level Biology B (Advancing Biology)"",""02 Scientific literacy in biology"",100,63,55,48,41,34,27
2017,H422,""A Level Biology B (Advancing Biology)"",""03 Practical skills in biology"",60,36,31,28,25,22,18
2017,H431,""A Level Business"",""01 Operating in a local business environment"",80,62,55,47,38,30,22
2017,H431,""A Level Business"",""02 The UK business environment"",80,60,54,46,38,30,22
2017,H431,""A Level Business"",""03 The global business environment"",80,65,58,49,41,32,24
2017,H432,""A Level Chemistry A"",""01 Periodic table, elements and physical chemistry"",100,88,76,63,50,37,25
2017,H432,""A Level Chemistry A"",""02 Synthesis and analytical techniques"",100,87,76,64,51,38,25
2017,H432,""A Level Chemistry A"",""03 Unified chemistry"",70,57,46,37,29,21,13
2017,H433,""A Level Chemistry B (Salters)"",""01 Fundamentals of chemistry"",110,87,71,59,48,37,26
2017,H433,""A Level Chemistry B (Salters)"",""02 Scientific literacy in chemistry"",100,80,68,57,46,35,24
2017,H433,""A Level Chemistry B (Salters)"",""03 Practical skills in chemistry"",60,50,43,36,29,22,15
2017,H446,""A Level Computer Science"",""01 Computer systems"",140,110,95,80,65,50,36
2017,H446,""A Level Computer Science"",""02 Algorithms and programming"",140,111,96,81,66,51,35
2017,H446,""A Level Computer Science"",""03 Programming project"",70,63,55,47,40,33,26
2017,H446,""A Level Computer Science"",""04 Programming project"",70,63,55,47,40,33,26
2017,H460,""A Level Economics"",""01 Microeconomics"",80,63,53,45,36,28,19
2017,H460,""A Level Economics"",""02 Macroeconomics"",80,65,55,46,37,29,21
2017,H460,""A Level Economics"",""03 Themes in economics"",80,63,53,44,37,28,20
2017,H470,""A Level English Language"",""01 Exploring language"",80,71,61,53,45,37,29
2017,H470,""A Level English Language"",""02 Dimensions of linguistic variation"",80,71,61,53,44,36,27
2017,H470,""A Level English Language"",""03 Independent language research"",40,35,32,27,23,18,14
2017,H474,""A Level English Language & Literature"",""01 Exploring non-fiction and spoken texts"",32,28,25,21,17,13,9
2017,H474,""A Level English Language & Literature"",""02 The language of poetry and plays"",64,56,50,43,37,30,24
2017,H474,""A Level English Language & Literature"",""03 Reading as a writer, writing as a reader"",64,53,48,42,35,29,22
2017,H474,""A Level English Language & Literature"",""04 Independent study: analysing and producing texts"",40,36,34,29,24,19,14
2017,H472,""A Level English Literature"",""01 Drama and poetry pre-1900"",60*,56,52,44,37,30,23
2017,H472,""A Level English Literature"",""02 Comparative and contextual study"",60*,56,52,45,37,30,23
2017,H472,""A Level English Literature"",""03 Literature post-1900"",40,37,34,30,26,22,18
2017,Y100,""A Level History (H505 - British period study and enquiry)"",""Topic-based essay"",40,36,32,27,23,18,13
2017,Y101toY113,""A Level History (H505 - British period study and enquiry)"",""A Level History"",50,39,34,29,24,19,14
2017,Y201toY224,""A Level History (H505 - British period study and enquiry)"",""A Level History"",30,25,22,18,14,11,8
2017,Y301toY321,""A Level History (H505 - British period study and enquiry)"",""A Level History"",80,64,56,48,39,30,21
2017,H556,""A Level Physics A"",""01 Modelling physics"",100,81,71,62,52,43,33
2017,H556,""A Level Physics A"",""02 Exploring physics"",100,79,68,57,47,36,25
2017,H556,""A Level Physics A"",""03 Unified physics"",70,47,39,32,25,18,12
2017,H557,""A Level Physics B (Advancing Physics)"",""01 Fundamentals of physics"",110,83,73,64,55,46,38
2017,H557,""A Level Physics B (Advancing Physics)"",""02 Scientific literacy in physics"",100,75,63,53,43,33,24
2017,H557,""A Level Physics B (Advancing Physics)"",""03 Practical skills in physics"",60,46,39,34,29,24,18
2017,H567,""A Level Psychology"",""01 Research methods"",90,74,68,59,50,41,33
2017,H567,""A Level Psychology"",""02 Psychological themes through core studies"",105,80,72,63,54,45,35
2017,H567,""A Level Psychology"",""03 Applied psychology"",105,80,72,62,53,44,35
2017,H580,""A Level Sociology"",""01 Socialisation, culture and identity"",90,79,73,62,52,42,32
2017,H580,""A Level Sociology"",""02 Researching and understanding social inequalities"",105,86,77,66,57,46,35
2017,H580,""A Level Sociology"",""03 Debates in a contemporary society"",105,90,81,70,57,46,35
2018,H600,""A Level Art and Design"",""01 Art, Craft and Design: Personal investigation"",120,111,104,90,75,61,46
2018,H600,""A Level Art and Design"",""02 Art, Craft and Design: Externally set task"",80,74,70,60,51,41,32
2018,H601,""A Level Art and Design"",""01 Fine Art: Personal investigation"",120,111,104,90,75,61,46
2018,H601,""A Level Art and Design"",""02 Fine Art: Externally set task"",80,74,70,60,51,41,32
2018,H602,""A Level Art and Design"",""01 Graphic Communication: Personal investigation"",120,111,104,90,75,61,46
2018,H602,""A Level Art and Design"",""02 Graphic Communication: Externally set task"",80,74,70,60,51,41,32
2018,H603,""A Level Art and Design"",""01 Photography: Personal investigation"",120,111,104,90,75,61,46
2018,H603,""A Level Art and Design"",""02 Photography: Externally set task"",80,74,70,60,51,41,32
2018,H604,""A Level Art and Design"",""01 Textile Design: Personal investigation"",120,111,104,90,75,61,46
2018,H604,""A Level Art and Design"",""02 Textile Design: Externally set task"",80,74,70,60,51,41,32
2018,H605,""A Level Art and Design"",""01 Three-Dimensional Design: Personal investigation"",120,111,104,90,75,61,46
2018,H605,""A Level Art and Design"",""02 Three-Dimensional Design: Externally set task"",80,74,70,60,51,41,32
2018,H606,""A Level Art and Design"",""01 Critical and Contextual Studies: Personal Investigation"",120,111,104,90,75,61,46
2018,H606,""A Level Art and Design"",""02 Critical and Contextual Studies: Externally set task"",80,74,70,60,51,41,32
2018,H420,""A Level Biology A"",""01 Biological processes"",100,76,65,54,44,34,24
2018,H420,""A Level Biology A"",""02 Biological diversity"",100,60,51,43,35,27,20
2018,H420,""A Level Biology A"",""03 Unified biology"",70,51,43,37,31,25,19
2018,H422,""A Level Biology B (Advancing Biology)"",""01 Fundamentals of biology"",110,69,60,50,40,30,20
2018,H422,""A Level Biology B (Advancing Biology)"",""02 Scientific literacy in biology"",100,63,55,47,40,33,26
2018,H422,""A Level Biology B (Advancing Biology)"",""03 Practical skills in biology"",60,38,33,29,25,21,17
2018,H431,""A Level Business"",""01 Operating in a local business environment"",80,65,58,50,42,34,27
2018,H431,""A Level Business"",""02 The UK business environment"",80,58,52,45,37,30,22
2018,H431,""A Level Business"",""03 The global business environment"",80,65,58,49,41,33,25
2018,H432,""A Level Chemistry A"",""01 Periodic table, elements and physical chemistry"",100,90,80,66,52,39,26
2018,H432,""A Level Chemistry A"",""02 Synthesis and analytical techniques"",100,87,73,59,45,32,19
2018,H432,""A Level Chemistry A"",""03 Unified chemistry"",70,60,52,43,34,25,17
2018,H433,""A Level Chemistry B (Salters)"",""01 Fundamentals of chemistry"",110,84,67,55,43,32,21
2018,H433,""A Level Chemistry B (Salters)"",""02 Scientific literacy in chemistry"",100,77,64,53,43,33,23
2018,H433,""A Level Chemistry B (Salters)"",""03 Practical skills in chemistry"",60,48,41,33,25,18,11
2018,H444,""A Level Classical Greek"",""01 Unseen translation"",100,91,74,63,53,43,33
2018,H444,""A Level Classical Greek"",""02 Prose composition or comprehension"",50,38,34,29,24,19,14
2018,H444,""A Level Classical Greek"",""03 Prose literature"",75,69,58,51,44,37,30
2018,H444,""A Level Classical Greek"",""04 Verse literature"",75,69,58,51,44,37,30
2018,H446,""A Level Computer Science"",""01 Computer systems"",140,104,89,75,62,48,35
2018,H446,""A Level Computer Science"",""02 Algorithms and programming"",140,109,94,80,65,51,36
2018,H446,""A Level Computer Science"",""03 Programming project (OCR Repository)"",70,63,55,47,40,33,26
2018,H446,""A Level Computer Science"",""04 Programming project (Postal Moderation)"",70,63,55,47,40,33,26
2018,H459,""A Level Drama and Theatre"",""11 Practitioners in practice (performing)"",120,103,97,85,73,60,48
2018,H459,""A Level Drama and Theatre"",""12 Practitioners in practice (performing)"",120,103,97,85,73,60,48
2018,H459,""A Level Drama and Theatre"",""13 Practitioners in practice (design)"",120,103,97,85,73,60,48
2018,H459,""A Level Drama and Theatre"",""14 Practitioners in practice (design)"",120,103,97,85,73,60,48
2018,H459,""A Level Drama and Theatre"",""21 Exploring and performing texts (performing)"",60,52,48,42,36,30,24
2018,H459,""A Level Drama and Theatre"",""22 Exploring and performing texts (design)"",60,52,48,42,36,30,24
2018,H459,""A Level Drama and Theatre"",""31 Analysing Performance"",60,49,45,39,34,29,24
2018,H459,""A Level Drama and Theatre"",""41 Deconstructing texts for performance: Antigone"",60,53,49,43,37,32,26
2018,H459,""A Level Drama and Theatre"",""42 Deconstructing texts for performance: Cloud Nine"",60,53,49,43,37,32,26
2018,H459,""A Level Drama and Theatre"",""43 Deconstructing texts for performance: Earthquakes in London"",60,53,49,43,37,32,26
2018,H459,""A Level Drama and Theatre"",""44 Deconstructing texts for performance: Stockholm"",60,53,49,43,37,32,26
2018,H459,""A Level Drama and Theatre"",""45"",60,53,49,43,37,32,26
2018,H459,""A Level Drama and Theatre"",""46 Deconstructing texts for performance: The Crucible"",60,53,49,43,37,32,26
2018,H459,""A Level Drama and Theatre"",""47 Deconstructing texts for performance: The Visit"",60,53,49,43,37,32,26
2018,H459,""A Level Drama and Theatre"",""48 Deconstructing texts for performance: Woza Albert!"",60,53,49,43,37,32,26
2018,H460,""A Level Economics"",""01 Microeconomics"",80,65,56,47,38,29,19
2018,H460,""A Level Economics"",""02 Macroeconomics"",80,65,55,46,37,28,19
2018,H460,""A Level Economics"",""03 Themes in economics"",80,63,53,44,35,26,18
2018,H470,""A Level English Language"",""01 Exploring language"",80,69,60,52,43,36,27
2018,H470,""A Level English Language"",""02 Dimensions of linguistic variation"",80,70,62,53,44,35,27
2018,H470,""A Level English Language"",""03 Independent language research"",40,35,32,27,23,18,14
2018,H474,""A Level English Language & Literature (EMC)"",""01 Exploring non-fiction and spoken texts"",32,29,26,22,18,14,10
2018,H474,""A Level English Language & Literature (EMC)"",""02 The language of poetry and plays"",64,53,48,42,36,29,23
2018,H474,""A Level English Language & Literature (EMC)"",""03 Reading as a writer, writing as a reader"",64,54,50,43,36,30,24
2018,H474,""A Level English Language & Literature (EMC)"",""04 Independent study: analysing and producing texts"",40,36,34,29,24,19,14
2018,H472,""A Level English Literature"",""01 Drama and poetry pre-1900"",60,56,53,46,40,33,26
2018,H472,""A Level English Literature"",""02 Comparative and contextual study"",60,56,53,46,39,32,26
2018,H472,""A Level English Literature"",""03 Literature post-1900"",40,36,33,29,25,22,19
2018,H481,""A Level Geography"",""01 Physical systems"",66,44,37,30,24,18,12
2018,H481,""A Level Geography"",""02 Human interactions"",66,52,45,39,33,27,22
2018,H481,""A Level Geography"",""03 Geographical debates"",108,86,76,66,55,44,32
2018,H481,""A Level Geography"",""04 Investigative geography (OCR Repository)"",60,52,47,41,35,29,24
2018,H481,""A Level Geography"",""05 Investigative geography (Postal Moderation)"",60,52,47,41,35,29,24
2018,Y100,""A Level History A (H505)"",""- Topic-based essay"",40,36,32,27,22,18,14
2018,Y101,""A Level History A (H505)"",""to Y113 - British period study and enquiry (except Y109 and Y110)"",50,40,35,30,25,20,16
2018,Y109,""A Level History A (H505)"","""",50,39,34,29,24,20,16
2018,Y110,""A Level History A (H505)"","""",50,40,35,29,24,19,14
2018,Y201,""A Level History A (H505)"",""to Y224 - Non-British Period Study"",30,24,21,17,14,11,8
2018,Y302,""A Level History A (H505)"",""to Y321 - Thematic study and historical interpretations (except Y312)"",80,64,56,47,38,30,22
2018,Y312,""A Level History A (H505)"","""",80,63,54,45,36,28,20
2018,H443,""A Level Latin"",""01 Unseen translation"",100,83,71,62,52,43,33
2018,H443,""A Level Latin"",""02 Prose composition or comprehension"",50,42,35,30,25,20,16
2018,H443,""A Level Latin"",""03 Prose literature"",75,60,50,42,34,26,19
2018,H443,""A Level Latin"",""04 Verse literature"",75,62,52,44,37,29,21
2018,H240,""A Level Mathematics A"",""01 Pure Mathematics"",100,83,67,55,44,33,21
2018,H240,""A Level Mathematics A"",""02 Pure Mathematics and Statistics"",100,75,61,50,39,28,18
2018,H240,""A Level Mathematics A"",""03 Pure Mathematics and Mechanics"",100,82,69,57,45,33,21
2018,H640,""A Level Mathematics B (MEI)"",""01 Pure Mathematics and Mechanics"",100,81,74,67,59,52,45
2018,H640,""A Level Mathematics B (MEI)"",""02 Pure Mathematics and Statistics"",100,75,68,61,54,47,40
2018,H640,""A Level Mathematics B (MEI)"",""03 Pure Mathematics and Comprehension"",75,62,55,48,42,36,30
2018,H543,""A Level Music"",""01 Performing A"",75,67,60,52,45,38,31
2018,H543,""A Level Music"",""02 Performing B"",105,94,84,73,62,52,42
2018,H543,""A Level Music"",""03 Composing A"",105,94,84,73,62,52,42
2018,H543,""A Level Music"",""04 Composing B"",75,67,60,52,45,38,31
2018,H543,""A Level Music"",""05 Listening and appraising"",120,90,79,71,62,52,42
2018,H555,""A Level Physical Education"",""01 Physiological factors affecting performance"",90,62,57,50,43,36,28
2018,H555,""A Level Physical Education"",""02 Psychological factors affecting performance"",60,44,40,35,30,25,20
2018,H555,""A Level Physical Education"",""03 Socio-cultural issues in physical activity and sport"",60,40,36,32,28,24,20
2018,H555,""A Level Physical Education"",""04 Performance in physical education"",60,50,44,38,32,26,21
2018,H556,""A Level Physics A"",""01 Modelling physics"",100,83,72,60,49,38,27
2018,H556,""A Level Physics A"",""02 Exploring physics"",100,81,69,57,46,35,24
2018,H556,""A Level Physics A"",""03 Unified physics"",70,55,47,39,31,24,17
2018,H557,""A Level Physics B (Advancing Physics)"",""01 Fundamentals of physics"",110,81,66,56,46,36,26
2018,H557,""A Level Physics B (Advancing Physics)"",""02 Scientific literacy in physics"",100,75,62,50,39,28,17
2018,H557,""A Level Physics B (Advancing Physics)"",""03 Practical skills in physics"",60,50,45,39,33,27,21
2018,H567,""A Level Psychology"",""01 Research methods"",90,73,67,58,49,41,31
2018,H567,""A Level Psychology"",""02 Psychological themes through core studies"",105,75,67,58,50,40,32
2018,H567,""A Level Psychology"",""03 Applied psychology"",105,78,70,61,52,44,36
2018,H573,""A Level Religious Studies"",""01 Philosophy of religion"",120,98,82,67,53,38,23
2018,H573,""A Level Religious Studies"",""02 Religion and ethics"",120,98,82,67,52,38,23
2018,H573,""A Level Religious Studies"",""03 Developments in Christian thought"",120,101,85,70,55,40,26
2018,H573,""A Level Religious Studies"",""04 Developments in Islamic thought"",120,101,85,70,55,40,26
2018,H573,""A Level Religious Studies"",""05 Developments in Jewish thought"",120,101,85,70,55,40,26
2018,H573,""A Level Religious Studies"",""06 Developments in Buddhist thought"",120,101,85,70,55,40,26
2018,H573,""A Level Religious Studies"",""07 Developments in Hindu thought"",120,101,85,70,55,40,26
2018,H580,""A Level Sociology"",""01 Socialisation, culture and identity"",90,78,73,62,51,41,31
2018,H580,""A Level Sociology"",""02 Researching and understanding social inequalities"",105,85,75,63,52,41,29
2018,H580,""A Level Sociology"",""03 Debates in a contemporary society"",105,89,80,69,57,44,32
2019,H407,""A Level Ancient History"",""11 Sparta and the Greek world"",98,84,71,58,45,33,20
2019,H407,""A Level Ancient History"",""12 Athens and the Greek world"",98,84,71,58,45,33,20
2019,H407,""A Level Ancient History"",""13 Macedon and the Greek world"",98,84,71,58,45,33,20
2019,H407,""A Level Ancient History"",""21 Republic and Empire"",98,85,72,59,46,33,21
2019,H407,""A Level Ancient History"",""22 The Eleven Caesars"",98,85,72,59,46,33,21
2019,H407,""A Level Ancient History"",""23 Emperors and Empire"",98,85,72,59,46,33,21
2019,H600,""A Level Art and Design"",""01 Art, Craft and Design: Personal investigation"",120,112,106,91,77,63,48
2019,H600,""A Level Art and Design"",""02 Art, Craft and Design: Externally set task"",80,75,71,61,51,41,32
2019,H601,""A Level Art and Design"",""01 Fine Art: Personal investigation"",120,112,106,91,77,63,48
2019,H601,""A Level Art and Design"",""02 Fine Art: Externally set task"",80,75,71,61,51,41,32
2019,H602,""A Level Art and Design"",""01 Graphic Communication: Personal investigation"",120,112,106,91,77,63,48
2019,H602,""A Level Art and Design"",""02 Graphic Communication: Externally set task"",80,75,71,61,51,41,32
2019,H603,""A Level Art and Design"",""01 Photography: Personal investigation"",120,112,106,91,77,63,48
2019,H603,""A Level Art and Design"",""02 Photography: Externally set task"",80,75,71,61,51,41,32
2019,H604,""A Level Art and Design"",""01 Textile Design: Personal investigation"",120,112,106,91,77,63,48
2019,H604,""A Level Art and Design"",""02 Textile Design: Externally set task"",80,75,71,61,51,41,32
2019,H605,""A Level Art and Design"",""01 Three-Dimensional Design: Personal investigation"",120,112,106,91,77,63,48
2019,H605,""A Level Art and Design"",""02 Three-Dimensional Design: Externally set task"",80,75,71,61,51,41,32
2019,H606,""A Level Art and Design"",""01 Critical and Contextual Studies: Personal Investigation"",120,112,106,91,77,63,48
2019,H606,""A Level Art and Design"",""02 Critical and Contextual Studies: Externally set task"",80,75,71,61,51,41,32
2019,H420,""A Level Biology A"",""01 Biological processes"",100,76,65,56,47,37,28
2019,H420,""A Level Biology A"",""02 Biological diversity"",100,61,52,45,38,31,23
2019,H420,""A Level Biology A"",""03 Unified biology"",70,48,41,35,29,24,19
2019,H422,""A Level Biology B (Advancing Biology)"",""01 Fundamentals of biology"",110,68,58,49,39,30,20
2019,H422,""A Level Biology B (Advancing Biology)"",""02 Scientific literacy in biology"",100,67,57,49,42,34,26
2019,H422,""A Level Biology B (Advancing Biology)"",""03 Practical skills in biology"",60,43,37,32,27,22,18
2019,H431,""A Level Business"",""01 Operating in a local business environment"",80,65,57,49,41,33,26
2019,H431,""A Level Business"",""02 The UK business environment"",80,63,56,49,41,33,25
2019,H431,""A Level Business"",""03 The global business environment"",80,63,56,47,39,31,23
2019,H432,""A Level Chemistry A"",""01 Periodic table, elements and physical chemistry"",100,85,72,59,46,33,20
2019,H432,""A Level Chemistry A"",""02 Synthesis and analytical techniques"",100,90,80,67,53,39,25
2019,H432,""A Level Chemistry A"",""03 Unified chemistry"",70,55,44,35,27,19,11
2019,H433,""A Level Chemistry B (Salters)"",""01 Fundamentals of chemistry"",110,86,72,61,49,38,26
2019,H433,""A Level Chemistry B (Salters)"",""02 Scientific literacy in chemistry"",100,72,61,51,42,32,22
2019,H433,""A Level Chemistry B (Salters)"",""03 Practical skills in chemistry"",60,49,40,33,26,19,13
2019,H408,""A Level Classical Civilisation"",""11 The World of the Hero"",100,83,70,60,51,42,33
2019,H408,""A Level Classical Civilisation"",""21 Greek Theatre"",75,66,58,49,40,31,22
2019,H408,""A Level Classical Civilisation"",""22 Imperial Image"",75,67,60,52,44,37,30
2019,H408,""A Level Classical Civilisation"",""23 Invention of the Barbarian"",75,64,55,48,41,34,27
2019,H408,""A Level Classical Civilisation"",""24 Greek Art"",75,60,51,42,33,25,17
2019,H408,""A Level Classical Civilisation"",""31 Greek Religion"",75,65,59,48,37,26,16
2019,H408,""A Level Classical Civilisation"",""32 Love and Relationships"",75,64,56,46,36,27,18
2019,H408,""A Level Classical Civilisation"",""33 Politics of the Late Republic"",75,68,61,50,39,28,18
2019,H408,""A Level Classical Civilisation"",""34 Democracy and the Athenians"",75,63,57,46,35,24,14
2019,H444,""A Level Classical Greek"",""01 Unseen translation"",100,83,70,61,51,41,31
2019,H444,""A Level Classical Greek"",""02 Prose composition or comprehension"",50,38,31,27,22,18,14
2019,H444,""A Level Classical Greek"",""03 Prose literature"",75,65,55,47,40,33,26
2019,H444,""A Level Classical Greek"",""04 Verse literature"",75,65,55,47,40,33,26
2019,H446,""A Level Computer Science"",""01 Computer systems"",140,108,94,79,65,51,37
2019,H446,""A Level Computer Science"",""02 Algorithms and programming"",140,114,101,86,69,53,37
2019,H446,""A Level Computer Science"",""03 Programming project (OCR Repository)"",70,63,55,47,40,33,26
2019,H446,""A Level Computer Science"",""04 Programming project (Postal Moderation)"",70,63,55,47,40,33,26
2019,H404,""A Level Design and Technology"",""01 Principles of Design Engineering"",80,64,58,50,42,35,28
2019,H404,""A Level Design and Technology"",""02 Problem Solving in Design Engineering"",70,55,51,44,38,31,24
2019,H404,""A Level Design and Technology"",""03 Iterative Design Project (OCR Repository)"",100,85,76,66,56,46,36
2019,H404,""A Level Design and Technology"",""04 Iterative Design Project (Postal Moderation)"",100,85,76,66,56,46,36
2019,H405,""A Level Design and Technology"",""01 Principles of Fashion and Textiles"",80,64,58,50,42,35,28
2019,H405,""A Level Design and Technology"",""02 Problem Solving in Fashion and Textiles"",70,55,51,44,38,31,24
2019,H405,""A Level Design and Technology"",""03 Iterative Design Project (OCR Repository)"",100,85,76,66,56,46,36
2019,H405,""A Level Design and Technology"",""04 Iterative Design Project (Postal Moderation)"",100,85,76,66,56,46,36
2019,H406,""A Level Design and Technology"",""01 Principles of Product Design"",80,64,58,50,42,35,28
2019,H406,""A Level Design and Technology"",""02 Problem Solving in Product Design"",70,55,51,44,38,31,24
2019,H406,""A Level Design and Technology"",""03 Iterative Design Project (OCR Repository)"",100,85,76,66,56,46,36
2019,H406,""A Level Design and Technology"",""04 Iterative Design Project (Postal Moderation)"",100,85,76,66,56,46,36
2019,H459,""A Level Drama and Theatre"",""11 Practitioners in practice (performing) (OCR Repository)"",120,103,97,85,73,61,48
2019,H459,""A Level Drama and Theatre"",""12 Practitioners in practice (performing) (Postal Moderation)"",120,103,97,85,73,61,48
2019,H459,""A Level Drama and Theatre"",""13 Practitioners in practice (design) (OCR Repository)"",120,103,97,85,73,61,48
2019,H459,""A Level Drama and Theatre"",""14 Practitioners in practice (design) (Postal Moderation)"",120,103,97,85,73,61,48
2019,H459,""A Level Drama and Theatre"",""21 Exploring and performing texts (performing)"",60,52,48,42,36,30,24
2019,H459,""A Level Drama and Theatre"",""22 Exploring and performing texts (design)"",60,52,48,42,36,30,24
2019,H459,""A Level Drama and Theatre"",""31 Analysing Performance"",60,53,46,41,37,32,28
2019,H459,""A Level Drama and Theatre"",""41 Deconstructing texts for performance: Antigone"",60,53,49,43,37,32,27
2019,H459,""A Level Drama and Theatre"",""42 Deconstructing texts for performance: Cloud Nine"",60,53,49,43,37,32,27
2019,H459,""A Level Drama and Theatre"",""43 Deconstructing texts for performance: Earthquakes in London"",60,53,49,43,37,32,27
2019,H459,""A Level Drama and Theatre"",""44 Deconstructing texts for performance: Stockholm"",60,53,49,43,37,32,27
2019,H459,""A Level Drama and Theatre"",""45 Deconstructing texts for performance: Sweeney Todd: The Demon Barber of"",60,53,49,43,37,32,27
2019,H459,""A Level Drama and Theatre"",""46 Deconstructing texts for performance: The Crucible"",60,53,49,43,37,32,27
2019,H459,""A Level Drama and Theatre"",""47 Deconstructing texts for performance: The Visit"",60,53,49,43,37,32,27
2019,H460,""A Level Economics"",""01 Microeconomics"",80,68,58,49,39,29,20
2019,H460,""A Level Economics"",""02 Macroeconomics"",80,66,56,47,38,29,20
2019,H460,""A Level Economics"",""03 Themes in economics"",80,62,52,43,35,27,19
2019,H470,""A Level English Language"",""01 Exploring language"",80,72,64,55,46,37,28
2019,H470,""A Level English Language"",""02 Dimensions of linguistic variation"",80,73,64,55,46,37,28
2019,H470,""A Level English Language"",""03 Independent language research"",40,35,32,27,22,18,14
2019,H474,""A Level English Language & Literature (EMC)"",""01 Exploring non-fiction and spoken texts"",32,27,24,20,16,13,10
2019,H474,""A Level English Language & Literature (EMC)"",""02 The language of poetry and plays"",64,52,49,43,38,32,26
2019,H474,""A Level English Language & Literature (EMC)"",""03 Reading as a writer, writing as a reader"",64,49,46,40,34,28,22
2019,H474,""A Level English Language & Literature (EMC)"",""04 Independent study: analysing and producing texts"",40,36,34,29,24,19,14
2019,H472,""A Level English Literature"",""01 Drama and poetry pre-1900"",60,56,53,47,40,33,26
2019,H472,""A Level English Literature"",""02 Comparative and contextual study"",60,57,54,47,40,34,27
2019,H472,""A Level English Literature"",""03 Literature post-1900"",40,37,34,30,26,22,18
2019,H410,""A Level Film Studies"",""01 Film History"",105,89,80,67,53,39,25
2019,H410,""A Level Film Studies"",""02 Critical Approaches to Film"",105,86,77,64,52,40,28
2019,H410,""A Level Film Studies"",""03 Making Short Film (OCR Repository)"",90,79,71,62,53,44,35
2019,H410,""A Level Film Studies"",""04 Making Short Film (Postal Moderation)"",90,79,71,62,53,44,35
2019,H481,""A Level Geography"",""01 Physical systems"",66,46,39,32,26,20,14
2019,H481,""A Level Geography"",""02 Human interactions"",66,52,45,38,32,26,20
2019,H481,""A Level Geography"",""03 Geographical debates"",108,84,75,65,53,41,30
2019,H481,""A Level Geography"",""04 Investigative geography (OCR Repository)"",60,54,48,42,36,30,24
2019,H481,""A Level Geography"",""05 Investigative geography (Postal Moderation)"",60,54,48,42,36,30,24
2019,H414,""A Level Geology"",""01 Fundamentals of geology"",110,85,70,60,50,40,29
2019,H414,""A Level Geology"",""02 Scientific literacy in geology"",100,76,62,52,42,32,23
2019,H414,""A Level Geology"",""03 Practical skills in geology"",60,41,33,28,23,18,13
2019,Y100,""A Level History A (H505)"",""- Topic based essay"",40,36,32,27,22,18,14
2019,Y101,""A Level History A (H505)"",""to Y113 - British period study and enquiry (except Y107)"",50,40,35,30,25,20,16
2019,Y107,""A Level History A (H505)"","""",50,39,34,29,24,20,16
2019,Y201,""A Level History A (H505)"",""to Y224 - Non-British Period Study"",30,24,21,17,14,11,8
2019,Y301,""A Level History A (H505)"",""to Y321 - Thematic study and historical interpretations (except Y314 & Y318)"",80,64,57,48,39,30,22
2019,Y314,""A Level History A (H505)"","""",80,62,55,46,38,30,22
2019,Y318,""A Level History A (H505)"","""",80,65,58,49,40,31,22
2019,H443,""A Level Latin"",""01 Unseen translation"",100,73,61,53,45,37,29
2019,H443,""A Level Latin"",""02 Prose composition or comprehension"",50,35,29,25,21,17,13
2019,H443,""A Level Latin"",""03 Prose literature"",75,58,51,42,34,26,18
2019,H443,""A Level Latin"",""04 Verse literature"",75,61,53,45,37,29,21
2019,H415,""A Level Law"",""01 The legal system and criminal law"",100,81,72,60,48,35,21
2019,H415,""A Level Law"",""02 Law making and the law of tort"",100,85,76,62,48,34,21
2019,H415,""A Level Law"",""03 Further law"",100,76,65,53,41,30,19
2019,H240,""A Level Mathematics A"",""01 Pure Mathematics"",100,72,54,44,34,24,13
2019,H240,""A Level Mathematics A"",""02 Pure Mathematics and Statistics"",100,76,58,47,36,25,15
2019,H240,""A Level Mathematics A"",""03 Pure Mathematics and Mechanics"",100,68,49,39,30,21,12
2019,Y540,""A Level Further Mathematics A (H245)"",""01 Pure Core 1"",75,61,51,43,35,27,20
2019,Y541,""A Level Further Mathematics A (H245)"",""01 Pure Core 2"",75,58,46,38,30,23,16
2019,Y542,""A Level Further Mathematics A (H245)"",""01 Statistics"",75,63,54,47,41,35,29
2019,Y543,""A Level Further Mathematics A (H245)"",""01 Mechanics"",75,52,42,36,30,24,18
2019,Y544,""A Level Further Mathematics A (H245)"",""01 Discrete Mathematics"",75,51,45,38,31,24,18
2019,Y545,""A Level Further Mathematics A (H245)"",""01 Additional Pure Mathematics"",75,56,47,39,31,24,17
2019,H640,""A Level Mathematics B (MEI)"",""01 Pure Mathematics and Mechanics"",100,84,70,59,47,35,23
2019,H640,""A Level Mathematics B (MEI)"",""02 Pure Mathematics and Statistics"",100,73,59,48,37,27,17
2019,H640,""A Level Mathematics B (MEI)"",""03 Pure Mathematics and Comprehension"",75,60,49,39,30,21,12
2019,Y421,""A Level Further Mathematics B (H645)"",""01 Mechanics Major"",120,85,69,55,41,27,14
2019,Y422,""A Level Further Mathematics B (H645)"",""01 Statistics Major"",120,112,98,84,70,56,42
2019,Y431,""A Level Further Mathematics B (H645)"",""01 Mechanics Minor"",60,51,44,36,29,22,15
2019,Y432,""A Level Further Mathematics B (H645)"",""01 Statistics Minor"",60,53,46,38,30,23,16
2019,Y433,""A Level Further Mathematics B (H645)"",""01 Modelling with Algorithms"",60,47,40,33,27,21,15
2019,Y434,""A Level Further Mathematics B (H645)"",""01 Numerical Methods"",60,53,47,40,34,28,22
2019,Y435,""A Level Further Mathematics B (H645)"",""01 Extra Pure"",60,43,35,28,21,15,9
2019,Y436,""A Level Further Mathematics B (H645)"",""01 Further Pure with Technology"",60,44,34,29,24,19,14
2019,H409,""A Level Media Studies"",""01 Media messages"",70,56,48,41,33,25,17
2019,H409,""A Level Media Studies"",""02 Evolving media"",70,54,46,38,30,22,15
2019,H409,""A Level Media Studies"",""03 Making media (OCR Repository)"",60,53,47,40,34,28,22
2019,H409,""A Level Media Studies"",""04 Making media (Postal Moderation)"",60,53,47,40,34,28,22
2019,H543,""A Level Music"",""01 Performing A"",75,69,60,52,45,38,31
2019,H543,""A Level Music"",""02 Performing B"",105,96,84,73,62,52,42
2019,H543,""A Level Music"",""03 Composing A"",105,95,83,72,61,51,41
2019,H543,""A Level Music"",""04 Composing B"",75,68,59,51,44,37,30
2019,H543,""A Level Music"",""05 Listening and appraising"",120,91,77,69,60,50,40
2019,H555,""A Level Physical Education"",""01 Physiological factors affecting performance"",90,69,64,57,49,41,34
2019,H555,""A Level Physical Education"",""02 Psychological factors affecting performance"",60,45,42,36,31,26,19
2019,H555,""A Level Physical Education"",""03 Socio-cultural issues in physical activity and sport"",60,40,37,32,28,23,18
2019,H555,""A Level Physical Education"",""04 Performance in physical education"",60,48,42,36,30,25,20
2019,H556,""A Level Physics A"",""01 Modelling physics"",100,88,80,70,59,48,36
2019,H556,""A Level Physics A"",""02 Exploring physics"",100,87,77,65,53,41,30
2019,H556,""A Level Physics A"",""03 Unified physics"",70,55,47,39,32,25,18
2019,H557,""A Level Physics B (Advancing Physics)"",""01 Fundamentals of physics"",110,78,67,57,48,37,28
2019,H557,""A Level Physics B (Advancing Physics)"",""02 Scientific literacy in physics"",100,83,69,57,44,32,19
2019,H557,""A Level Physics B (Advancing Physics)"",""03 Practical skills in physics"",60,48,40,34,28,23,18
2019,H567,""A Level Psychology"",""01 Research methods"",90,75,69,59,49,39,29
2019,H567,""A Level Psychology"",""02 Psychological themes through core studies"",105,71,62,52,42,32,22
2019,H567,""A Level Psychology"",""03 Applied psychology"",105,77,69,59,50,41,32
2019,H573,""A Level Religious Studies"",""01 Philosophy of religion"",120,102,87,72,58,43,27
2019,H573,""A Level Religious Studies"",""02 Religion and ethics"",120,103,87,72,57,42,28
2019,H573,""A Level Religious Studies"",""03 Developments in Christian thought"",120,107,90,75,60,46,32
2019,H573,""A Level Religious Studies"",""04 Developments in Islamic thought"",120,107,90,75,60,46,32
2019,H573,""A Level Religious Studies"",""05 Developments in Jewish thought"",120,107,90,75,60,46,32
2019,H573,""A Level Religious Studies"",""06 Developments in Buddhist thought"",120,105,88,74,59,45,32
2019,H573,""A Level Religious Studies"",""07 Developments in Hindu thought"",120,107,90,75,60,46,32
2019,H580,""A Level Sociology"",""01 Socialisation, culture and identity"",90,77,71,61,51,41,32
2019,H580,""A Level Sociology"",""02 Researching and understanding social inequalities"",105,85,77,66,54,43,31
2019,H580,""A Level Sociology"",""03 Debates in a contemporary society"",105,89,80,67,55,43,31
2021,H407,""A Level Ancient History"",""11 Sparta and the Greek world"",98,74,64,52,40,29,18
2021,H407,""A Level Ancient History"",""12 Athens and the Greek world"",98,74,64,52,40,29,18
2021,H407,""A Level Ancient History"",""21 Republic and Empire"",98,75,65,53,42,30,18
2021,H407,""A Level Ancient History"",""23 Emperors and Empire"",98,75,65,53,42,30,18
2021,H600,""A Level Art and Design"",""02 Art, Craft and Design: Externally set task"",80,73,65,54,43,32,22
2021,H601,""A Level Art and Design"",""02 Fine Art: Externally set task"",80,73,65,54,43,32,22
2021,H602,""A Level Art and Design"",""02 Graphic Communication: Externally set task"",80,73,65,54,43,32,22
2021,H603,""A Level Art and Design"",""02 Photography: Externally set task"",80,73,65,54,43,32,22
2021,H604,""A Level Art and Design"",""02 Textile Design: Externally set task"",80,73,65,54,43,32,22
2021,H605,""A Level Art and Design"",""02 Three-Dimensional Design: Externally set task"",80,73,65,54,43,32,22
2021,H606,""A Level Art and Design"",""02 Critical and Contextual Studies: Externally set task"",80,73,65,54,43,32,22
2021,H420,""A Level Biology A"",""01 Biological processes"",100,66,55,46,37,29,20
2021,H420,""A Level Biology A"",""02 Biological diversity"",100,59,46,39,33,26,19
2021,H420,""A Level Biology A"",""03 Unified biology"",70,44,36,30,24,18,13
2021,H422,""A Level Biology B (Advancing Biology)"",""01 Fundamentals of biology"",110,61,48,39,30,22,13
2021,H422,""A Level Biology B (Advancing Biology)"",""02 Scientific literacy in biology"",100,60,47,39,31,23,15
2021,H422,""A Level Biology B (Advancing Biology)"",""03 Practical skills in biology"",60,37,30,25,20,15,11
2021,H431,""A Level Business"",""01 Operating in a local business environment"",80,59,51,43,36,29,21
2021,H431,""A Level Business"",""02 The UK business environment"",80,58,50,43,35,28,21
2021,H431,""A Level Business"",""03 The global business environment"",80,58,50,43,36,28,21
2021,H432,""A Level Chemistry A"",""01 Periodic table, elements and physical chemistry"",100,78,63,51,39,27,15
2021,H432,""A Level Chemistry A"",""02 Synthesis and analytical techniques"",100,79,65,52,40,28,16
2021,H432,""A Level Chemistry A"",""03 Unified chemistry"",70,54,44,36,28,20,12
2021,H433,""A Level Chemistry B (Salters)"",""01 Fundamentals of chemistry"",110,77,61,51,40,30,20
2021,H433,""A Level Chemistry B (Salters)"",""02 Scientific literacy in chemistry"",100,68,53,42,32,22,12
2021,H433,""A Level Chemistry B (Salters)"",""03 Practical skills in chemistry"",60,41,34,28,22,16,10
2021,H408,""A Level Classical Civilisation"",""11 The World of the Hero"",100,73,60,50,41,32,23
2021,H408,""A Level Classical Civilisation"",""21 Greek theatre"",75,58,51,42,33,24,15
2021,H408,""A Level Classical Civilisation"",""22 Imperial image"",75,59,53,45,37,30,23
2021,H408,""A Level Classical Civilisation"",""23 Invention of the Barbarian"",75,56,48,41,34,27,20
2021,H408,""A Level Classical Civilisation"",""24 Greek art"",75,58,51,42,33,24,15
2021,H408,""A Level Classical Civilisation"",""31 Greek religion"",75,57,52,41,30,19,9
2021,H408,""A Level Classical Civilisation"",""32 Love and relationships"",75,56,49,39,29,20,11
2021,H408,""A Level Classical Civilisation"",""33 Politics of the Late Republic"",75,57,52,41,30,19,9
2021,H408,""A Level Classical Civilisation"",""34 Democracy and the Athenians"",75,55,50,39,29,19,9
2021,H446,""A Level Computer Science"",""01 Computer systems"",140,95,80,65,50,36,22
2021,H446,""A Level Computer Science"",""02 Algorithms and programming"",140,96,85,70,55,39,23
2021,H404,""A Level Design and Technology"",""01 Principles of Design Engineering"",80,54,45,38,31,24,17
2021,H404,""A Level Design and Technology"",""02 Problem solving in Design Engineering"",70,45,38,32,26,20,15
2021,H406,""A Level Design and Technology"",""01 Principles of Product Design"",80,55,48,42,36,30,24
2021,H406,""A Level Design and Technology"",""02 Problem solving in Product Design"",70,47,42,36,31,26,21
2021,H460,""A Level Economics"",""01 Microeconomics"",80,56,47,38,29,23,14
2021,H460,""A Level Economics"",""02 Macroeconomics"",80,66,55,47,37,28,20
2021,H460,""A Level Economics"",""03 Themes in economics"",80,55,46,38,32,22,15
2021,H470,""A Level English Language"",""01 Exploring language"",80,65,56,47,38,29,20
2021,H470,""A Level English Language"",""02 Dimensions of linguistic variation"",80,65,57,47,37,28,19
2021,H474,""A Level English Language & Literature (EMC)"",""01 Exploring non-fiction and spoken texts"",32,24,21,17,14,11,8
2021,H474,""A Level English Language & Literature (EMC)"",""02 The language of poetry and plays"",64,48,43,37,30,24,18
2021,H474,""A Level English Language & Literature (EMC)"",""03 Reading as a writer, writing as a reader"",64,46,42,36,30,24,18
2021,H472,""A Level English Literature"",""01 Drama and poetry pre-1900"",60,54,49,42,36,29,22
2021,H472,""A Level English Literature"",""02 Comparative and contextual study"",60,54,49,42,34,27,20
2021,H481,""A Level Geography"",""01 Physical systems"",66,45,39,33,27,21,15
2021,H481,""A Level Geography"",""02 Human interactions"",66,46,39,33,27,21,16
2021,H481,""A Level Geography"",""03 Geographical debates"",108,75,64,54,44,34,24
2021,H414,""A Level Geology"",""01 Fundamentals of geology"",110,76,60,50,39,29,19
2021,H414,""A Level Geology"",""02 Scientific literacy in geology"",100,68,52,43,35,25,16
2021,H414,""A Level Geology"",""03 Practical skills in geology"",60,37,29,24,19,15,10
2021,Y101,""A Level History A (H505)"",""to Y113 - British Period Study and Enquiry*"",50,36,31,26,21,17,13
2021,Y201,""A Level History A (H505)"",""to Y224 - Non-British Period Study*"",30,21,18,15,12,9,6
2021,Y301,""A Level History A (H505)"",""to Y321 - Thematic Study and Historical Interpretations*"",80,59,51,42,33,25,17
2021,H443,""A Level Latin"",""01 Unseen translation"",100,64,48,39,31,23,15
2021,H443,""A Level Latin"",""02 Prose composition or comprehension"",50,32,24,20,15,11,7
2021,H443,""A Level Latin"",""03 Prose literature"",75,49,36,30,24,17,11
2021,H443,""A Level Latin"",""04 Verse literature"",75,49,36,30,24,18,11
2021,H415,""A Level Law"",""01 The legal system and criminal law"",100,72,60,49,38,28,18
2021,H415,""A Level Law"",""02 Law making and the law of tort"",100,78,64,51,39,27,15
2021,H415,""A Level Law"",""03 Further law"",100,71,59,49,38,27,16
2021,H240,""A Level Mathematics A"",""01 Pure Mathematics"",100,66,50,40,31,21,12
2021,H240,""A Level Mathematics A"",""02 Pure Mathematics and Statistics"",100,69,53,44,34,25,15
2021,H240,""A Level Mathematics A"",""03 Pure Mathematics and Mechanics"",100,62,48,39,30,21,12
2021,Y540,""A Level Further Mathematics A (H245)"",""01 Pure Core 1"",75,53,43,36,29,22,16
2021,Y541,""A Level Further Mathematics A (H245)"",""01 Pure Core 2"",75,51,40,33,26,19,13
2021,Y542,""A Level Further Mathematics A (H245)"",""01 Statistics"",75,52,43,36,29,23,17
2021,Y543,""A Level Further Mathematics A (H245)"",""01 Mechanics"",75,44,34,29,24,19,15
2021,Y544,""A Level Further Mathematics A (H245)"",""01 Discrete Mathematics"",75,43,37,31,25,20,15
2021,Y545,""A Level Further Mathematics A (H245)"",""01 Additional Pure Mathematics"",75,48,39,32,26,20,14
2021,H640,""A Level Mathematics B (MEI)"",""01 Pure Mathematics and Mechanics"",100,73,58,48,37,26,15
2021,H640,""A Level Mathematics B (MEI)"",""02 Pure Mathematics and Statistics"",100,61,50,41,33,24,15
2021,H640,""A Level Mathematics B (MEI)"",""03 Pure Mathematics and Comprehension"",75,58,46,37,28,20,12
2021,Y420,""A Level Further Mathematics B (H645)"",""01 Core Pure"",144,102,79,64,49,34,19
2021,Y421,""A Level Further Mathematics B (H645)"",""01 Mechanics major"",120,70,55,43,32,21,10
2021,Y422,""A Level Further Mathematics B (H645)"",""01 Statistics major"",120,97,84,71,58,45,33
2021,Y431,""A Level Further Mathematics B (H645)"",""01 Mechanics minor"",60,44,34,28,22,16,10
2021,Y432,""A Level Further Mathematics B (H645)"",""01 Statistics minor"",60,46,39,32,25,18,11
2021,Y433,""A Level Further Mathematics B (H645)"",""01 Modelling with algorithms"",60,37,30,25,20,15,10
2021,Y434,""A Level Further Mathematics B (H645)"",""01 Numerical methods"",60,46,40,34,28,22,16
2021,Y435,""A Level Further Mathematics B (H645)"",""01 Extra pure"",60,36,28,22,17,12,7
2021,Y436,""A Level Further Mathematics B (H645)"",""01 Further pure with technology"",60,37,27,22,17,13,9
2021,H409,""A Level Media Studies"",""01 Media messages"",70,51,43,34,26,18,10
2021,H409,""A Level Media Studies"",""02 Evolving media"",70,49,41,33,24,16,8
2021,H543,""A Level Music"",""05 Listening and appraising"",120,71,55,45,36,27,18
2021,H555,""A Level Physical Education"",""01 Physiological factors affecting performance"",90,62,54,46,37,29,20
2021,H555,""A Level Physical Education"",""02 Psychological factors affecting performance"",60,42,35,30,26,20,16
2021,H555,""A Level Physical Education"",""03 Socio-cultural issues in physical activity and sport"",60,35,31,27,23,20,17
2021,H556,""A Level Physics A"",""01 Modelling physics"",100,83,69,58,46,34,23
2021,H556,""A Level Physics A"",""02 Exploring physics"",100,78,66,54,43,32,21
2021,H556,""A Level Physics A"",""03 Unified physics"",70,53,47,39,31,23,15
2021,H557,""A Level Physics B (Advancing Physics)"",""01 Fundamentals of physics"",110,73,60,52,42,34,25
2021,H557,""A Level Physics B (Advancing Physics)"",""02 Scientific literacy in physics"",100,70,54,44,35,26,17
2021,H557,""A Level Physics B (Advancing Physics)"",""03 Practical skills in physics"",60,44,37,31,26,19,14
2021,H567,""A Level Psychology"",""01 Research methods"",90,70,62,53,42,30,20
2021,H567,""A Level Psychology"",""02 Psychological themes through core studies"",105,58,49,40,32,24,16
2021,H567,""A Level Psychology"",""03 Applied psychology"",105,74,68,56,45,35,23
2021,H573,""A Level Religious Studies"",""01 Philosophy of religion"",120,91,76,61,47,33,19
2021,H573,""A Level Religious Studies"",""02 Religion and ethics"",120,91,76,62,48,34,20
2021,H573,""A Level Religious Studies"",""03 Developments in Christian thought"",120,93,77,63,49,35,21
2021,H573,""A Level Religious Studies"",""04 Developments in Islamic thought"",120,93,77,63,49,35,21
2021,H573,""A Level Religious Studies"",""05 Developments in Jewish thought"",120,93,77,63,49,35,21
2021,H573,""A Level Religious Studies"",""06 Developments in Buddhist thought"",120,93,77,63,49,35,21
2021,H573,""A Level Religious Studies"",""07 Developments in Hindu thought"",120,93,77,63,49,35,21
2021,H580,""A Level Sociology"",""01 Socialisation, culture and identity"",90,74,66,55,44,34,23
2021,H580,""A Level Sociology"",""02 Researching and understanding social inequalities"",105,79,70,58,46,34,22
2021,H580,""A Level Sociology"",""03 Debates in contemporary society"",105,83,75,62,49,36,24
2022,H407,""A Level Ancient History"",""11 Sparta and the Greek world"",98,78,67,54,41,28,15
2022,H407,""A Level Ancient History"",""12 Athens and the Greek world"",98,78,67,54,41,28,15
2022,H407,""A Level Ancient History"",""13 Macedon and the Greek world"",98,78,67,54,41,28,15
2022,H407,""A Level Ancient History"",""21 Republic and Empire"",98,79,67,54,41,28,15
2022,H407,""A Level Ancient History"",""22 The Eleven Caesars"",98,79,67,54,41,28,15
2022,H407,""A Level Ancient History"",""23 Emperors and Empire"",98,79,67,54,41,28,15
2022,H600,""A Level Art and Design"",""01 Art, Craft and Design: Personal investigation"",120,113,106,89,72,55,39
2022,H601,""A Level Art and Design"",""01 Fine Art: Personal investigation"",120,113,106,89,72,55,39
2022,H602,""A Level Art and Design"",""01 Graphic Communication: Personal investigation"",120,113,106,89,72,55,39
2022,H603,""A Level Art and Design"",""01 Photography: Personal investigation"",120,113,106,89,72,55,39
2022,H604,""A Level Art and Design"",""01 Textile Design: Personal investigation"",120,113,106,89,72,55,39
2022,H605,""A Level Art and Design"",""01 Three-Dimensional Design: Personal investigation"",120,113,106,89,72,55,39
2022,H606,""A Level Art and Design"",""01 Critical and Contextual Studies: Personal Investigation"",120,113,106,89,72,55,39
2022,H420,""A Level Biology A"",""01 Biological processes"",100,71,60,50,40,30,19
2022,H420,""A Level Biology A"",""02 Biological diversity"",100,66,56,47,38,28,19
2022,H420,""A Level Biology A"",""03 Unified biology"",70,47,40,33,26,20,14
2022,H422,""A Level Biology B (Advancing Biology)"",""01 Fundamentals of biology"",110,63,55,47,38,30,22
2022,H422,""A Level Biology B (Advancing Biology)"",""02 Scientific literacy in biology"",100,58,51,44,37,30,23
2022,H422,""A Level Biology B (Advancing Biology)"",""03 Practical skills in biology"",60,32,28,24,21,18,15
2022,H431,""A Level Business"",""01 Operating in a local business environment"",80,64,57,47,38,29,20
2022,H431,""A Level Business"",""02 The UK business environment"",80,62,55,45,35,25,16
2022,H431,""A Level Business"",""03 The global business environment"",80,63,56,47,37,27,17
2022,H432,""A Level Chemistry A"",""01 Periodic table, elements and physical chemistry"",100,78,62,48,35,22,9
2022,H432,""A Level Chemistry A"",""02 Synthesis and analytical techniques"",100,83,66,52,38,24,10
2022,H432,""A Level Chemistry A"",""03 Unified chemistry"",70,52,40,32,24,16,8
2022,H433,""A Level Chemistry B (Salters)"",""01 Fundamentals of chemistry"",110,85,67,55,43,31,18
2022,H433,""A Level Chemistry B (Salters)"",""02 Scientific literacy in chemistry"",100,75,60,49,38,27,17
2022,H433,""A Level Chemistry B (Salters)"",""03 Practical skills in chemistry"",60,45,38,30,22,15,8
2022,H408,""A Level Classical Civilisation"",""11 The World of the Hero"",100,70,64,54,45,36,27
2022,H408,""A Level Classical Civilisation"",""21 Greek Theatre"",75,62,53,44,35,26,17
2022,H408,""A Level Classical Civilisation"",""22 Imperial Image"",75,63,54,44,35,26,17
2022,H408,""A Level Classical Civilisation"",""23 Invention of the Barbarian"",75,61,52,43,34,25,16
2022,H408,""A Level Classical Civilisation"",""24 Greek Art"",75,61,52,43,34,25,16
2022,H408,""A Level Classical Civilisation"",""31 Greek Religion"",75,60,51,42,33,24,16
2022,H408,""A Level Classical Civilisation"",""32 Love and Relationships"",75,64,54,44,35,26,17
2022,H408,""A Level Classical Civilisation"",""33 Politics of the Late Republic"",75,62,52,43,34,25,16
2022,H408,""A Level Classical Civilisation"",""34 Democracy and the Athenians"",75,59,50,41,32,24,16
2022,H444,""A Level Classical Greek"",""01 Unseen translation"",100,76,61,52,42,32,22
2022,H444,""A Level Classical Greek"",""02 Prose composition or comprehension"",50,37,29,25,20,16,12
2022,H444,""A Level Classical Greek"",""03 Prose literature"",75,61,50,42,35,28,21
2022,H444,""A Level Classical Greek"",""04 Verse literature"",75,61,50,42,35,28,21
2022,H446,""A Level Computer Science"",""01 Computer systems"",140,100,86,71,56,41,27
2022,H446,""A Level Computer Science"",""02 Algorithms and programming"",140,109,95,78,61,44,27
2022,H446,""A Level Computer Science"",""03 Programming project (OCR Repository)"",70,55,48,40,33,26,18
2022,H446,""A Level Computer Science"",""04 Programming project (Postal Moderation)"",70,55,48,40,33,26,18
2022,H404,""A Level Design and Technology"",""01 Principles of Design Engineering"",80,58,52,44,35,26,17
2022,H404,""A Level Design and Technology"",""02 Problem Solving in Design Engineering"",70,42,37,30,24,18,12
2022,H404,""A Level Design and Technology"",""03 Iterative Design Project (OCR Repository)"",100,82,72,62,52,42,32
2022,H404,""A Level Design and Technology"",""04 Iterative Design Project (Postal Moderation)"",100,82,72,62,52,42,32
2022,H405,""A Level Design and Technology"",""01 Principles of Fashion and Textiles"",80,63,59,51,44,36,28
2022,H405,""A Level Design and Technology"",""02 Problem Solving in Fashion and Textiles"",70,54,50,43,36,30,24
2022,H405,""A Level Design and Technology"",""03 Iterative Design Project (OCR Repository)"",100,82,72,62,52,42,32
2022,H405,""A Level Design and Technology"",""04 Iterative Design Project (Postal Moderation)"",100,82,72,62,52,42,32
2022,H406,""A Level Design and Technology"",""01 Principles of Product Design"",80,63,59,51,44,36,28
2022,H406,""A Level Design and Technology"",""02 Problem Solving in Product Design"",70,54,50,43,36,30,24
2022,H406,""A Level Design and Technology"",""03 Iterative Design Project (OCR Repository)"",100,82,72,62,52,42,32
2022,H406,""A Level Design and Technology"",""04 Iterative Design Project (Postal Moderation)"",100,82,72,62,52,42,32
2022,H459,""A Level Drama and Theatre"",""11 Practitioners in practice (performing) (OCR Repository)"",120,99,92,80,68,57,46
2022,H459,""A Level Drama and Theatre"",""12 Practitioners in practice (performing) (Postal Moderation)"",120,99,92,80,68,57,46
2022,H459,""A Level Drama and Theatre"",""13 Practitioners in practice (design) (OCR Repository)"",120,99,92,80,68,57,46
2022,H459,""A Level Drama and Theatre"",""14 Practitioners in practice (design) (Postal Moderation)"",120,99,92,80,68,57,46
2022,H459,""A Level Drama and Theatre"",""21 Exploring and performing texts (performing) (OCR Repository)"",60,46,42,37,32,28,24
2022,H459,""A Level Drama and Theatre"",""22 Exploring and performing texts (design) (OCR Repository)"",60,46,42,37,32,28,24
2022,H459,""A Level Drama and Theatre"",""23 Exploring and performing text (performing) (Postal Moderation)"",60,46,42,37,32,28,24
2022,H459,""A Level Drama and Theatre"",""24 Exploring and performing text (design) (Postal Moderation)"",60,46,42,37,32,28,24
2022,H459,""A Level Drama and Theatre"",""31 Analysing Performance"",60,50,44,40,35,29,24
2022,H459,""A Level Drama and Theatre"",""41 Deconstructing texts for performance: Antigone"",60,51,46,40,35,29,23
2022,H459,""A Level Drama and Theatre"",""42 Deconstructing texts for performance: Cloud Nine"",60,51,46,40,35,29,23
2022,H459,""A Level Drama and Theatre"",""43 Deconstructing texts for performance: Earthquakes in London"",60,51,46,40,35,29,23
2022,H459,""A Level Drama and Theatre"",""44 Deconstructing texts for performance: Stockholm"",60,51,46,40,35,29,23
2022,H459,""A Level Drama and Theatre"",""45 Deconstructing texts for performance: Sweeney Todd: The Demon Barber"",60,51,46,40,35,29,23
2022,H459,""A Level Drama and Theatre"",""46 Deconstructing texts for performance: The Crucible"",60,51,46,40,35,29,23
2022,H459,""A Level Drama and Theatre"",""47 Deconstructing texts for performance: The Visit"",60,51,46,40,35,29,23
2022,H459,""A Level Drama and Theatre"",""48 Deconstructing texts for performance: Woza Albert!"",60,51,46,40,35,29,23
2022,H460,""A Level Economics"",""01 Microeconomics"",80,59,50,41,32,23,15
2022,H460,""A Level Economics"",""02 Macroeconomics"",80,65,56,46,36,26,16
2022,H460,""A Level Economics"",""03 Themes in economics"",80,61,51,42,33,24,15
2022,H470,""A Level English Language"",""01 Exploring language"",80,66,59,50,41,32,23
2022,H470,""A Level English Language"",""02 Dimensions of linguistic variation"",80,65,57,49,40,31,22
2022,H470,""A Level English Language"",""03 Independent language research"",40,32,30,25,21,17,13
2022,H474,""A Level English Language and Literature (EMC)"",""01 Exploring non-fiction and spoken texts"",32,26,23,19,15,12,9
2022,H474,""A Level English Language and Literature (EMC)"",""02 The language of poetry and plays"",64,49,45,39,34,28,22
2022,H474,""A Level English Language and Literature (EMC)"",""03 Reading as a writer, writing as a reader"",64,45,42,37,31,26,20
2022,H474,""A Level English Language and Literature (EMC)"",""04 Independent study: analysing and producing texts"",40,35,32,27,23,18,14
2022,H472,""A Level English Literature"",""01 Drama and poetry pre-1900"",60,55,51,43,35,27,20
2022,H472,""A Level English Literature"",""02 Comparative and contextual study"",60,55,52,44,36,29,21
2022,H472,""A Level English Literature"",""03 Literature post-1900"",40,35,33,28,23,18,13
2022,H410,""A Level Film Studies"",""01 Film History"",105,83,76,60,44,29,14
2022,H410,""A Level Film Studies"",""02 Critical Approaches to Film"",105,75,69,55,42,28,14
2022,H410,""A Level Film Studies"",""03 Making Short Film (OCR Repository)"",90,74,67,55,43,31,19
2022,H410,""A Level Film Studies"",""04 Making Short Film (Postal Moderation)"",90,74,67,55,43,31,19
2022,H481,""A Level Geography"",""01 Physical systems"",66,44,37,30,24,18,12
2022,H481,""A Level Geography"",""02 Human interactions"",66,49,42,35,29,23,17
2022,H481,""A Level Geography"",""03 Geographical debates"",108,78,70,60,48,36,24
2022,H481,""A Level Geography"",""04 Investigative geography (OCR Repository)"",60,52,45,39,33,27,21
2022,H481,""A Level Geography"",""05 Investigative geography (Postal Moderation)"",60,52,45,39,33,27,21
2022,H414,""A Level Geology"",""01 Fundamentals of geology"",110,72,62,52,42,32,22
2022,H414,""A Level Geology"",""02 Scientific literacy in geology"",100,65,56,45,35,25,15
2022,H414,""A Level Geology"",""03 Practical skills in geology"",60,37,31,27,22,17,12
2022,Y100,""A Level History A (H505)"",""- Topic based essay"",40,35,31,26,21,16,11
2022,Y101,""A Level History A (H505)"",""to Y113 - British period study and enquiry (except Y109)"",50,35,31,26,21,16,11
2022,Y109,""A Level History A (H505)"",""- British period study and enquiry"",50,34,30,25,20,15,11
2022,Y201,""A Level History A (H505)"",""to Y224 - Non-British Period Study (except Y213)"",30,21,19,15,12,9,6
2022,Y213,""A Level History A (H505)"",""- Non-British Period Study"",30,19,17,14,11,8,5
2022,Y301,""A Level History A (H505)"",""to Y321 - Thematic study and historical interpretations"",80,59,51,42,33,24,16
2022,H443,""A Level Latin"",""01 Unseen translation"",100,70,55,48,40,33,25
2022,H443,""A Level Latin"",""02 Prose composition or comprehension"",50,32,26,22,18,14,11
2022,H443,""A Level Latin"",""03 Prose literature"",75,54,44,37,30,23,15
2022,H443,""A Level Latin"",""04 Verse literature"",75,54,45,38,32,25,19
2022,H418,""A Level Law"",""01 The legal system and criminal law"",80,62,52,41,30,20,10
2022,H418,""A Level Law"",""02 Law making and the law of tort"",80,57,47,37,28,18,8
2022,H418,""A Level Law"",""03 The nature of law and Human rights"",80,59,48,38,28,18,8
2022,H418,""A Level Law"",""04 The nature of law and the law of contract"",80,59,48,38,28,18,8
2022,H240,""A Level Mathematics A"",""01 Pure Mathematics"",100,73,56,44,33,22,11
2022,H240,""A Level Mathematics A"",""02 Pure Mathematics and Statistics"",100,62,48,39,30,21,12
2022,H240,""A Level Mathematics A"",""03 Pure Mathematics and Mechanics"",100,58,45,36,27,18,9
2022,Y540,""A Level Further Mathematics A (H245)"",""01 Pure Core 1"",75,50,42,34,27,20,13
2022,Y541,""A Level Further Mathematics A (H245)"",""01 Pure Core 2"",75,45,36,29,22,16,10
2022,Y542,""A Level Further Mathematics A (H245)"",""01 Statistics"",75,59,49,39,30,21,12
2022,Y543,""A Level Further Mathematics A (H245)"",""01 Mechanics"",75,45,33,26,20,14,8
2022,Y544,""A Level Further Mathematics A (H245)"",""01 Discrete Mathematics"",75,49,39,32,25,18,11
2022,Y545,""A Level Further Mathematics A (H245)"",""01 Additional Pure Mathematics"",75,39,29,23,18,13,8
2022,H640,""A Level Mathematics B (MEI)"",""01 Pure Mathematics and Mechanics"",100,71,58,47,36,25,14
2022,H640,""A Level Mathematics B (MEI)"",""02 Pure Mathematics and Statistics"",100,78,64,51,38,26,14
2022,H640,""A Level Mathematics B (MEI)"",""03 Pure Mathematics and Comprehension"",75,63,50,40,30,20,10
2022,Y420,""A Level Further Mathematics B (MEI) (H645)"",""01 Core Pure *To create the overall boundaries, this component is weighted to give marks out of 180"",144,109,85,67,49,31,13
2022,Y421,""A Level Further Mathematics B (MEI) (H645)"",""01 Mechanics Major"",120,77,61,48,35,22,9
2022,Y422,""A Level Further Mathematics B (MEI) (H645)"",""01 Statistics Major"",120,85,69,53,38,23,8
2022,Y431,""A Level Further Mathematics B (MEI) (H645)"",""01 Mechanics Minor"",60,31,23,18,14,10,6
2022,Y432,""A Level Further Mathematics B (MEI) (H645)"",""01 Statistics Minor"",60,44,37,31,25,19,14
2022,Y433,""A Level Further Mathematics B (MEI) (H645)"",""01 Modelling with Algorithms"",60,38,32,27,22,17,13
2022,Y434,""A Level Further Mathematics B (MEI) (H645)"",""01 Numerical Methods"",60,38,30,24,18,13,8
2022,Y435,""A Level Further Mathematics B (MEI) (H645)"",""01 Extra Pure"",60,40,31,25,19,13,7
2022,Y436,""A Level Further Mathematics B (MEI) (H645)"",""01 Further Pure with Technology"",60,39,31,26,21,16,11
2022,H409,""A Level Media Studies"",""01 Media messages"",70,48,41,34,26,18,9
2022,H409,""A Level Media Studies"",""02 Evolving media"",70,46,39,31,23,15,8
2022,H409,""A Level Media Studies"",""03 Making media (OCR Repository)"",60,48,42,34,27,20,13
2022,H409,""A Level Media Studies"",""04 Making media (Postal Moderation)"",60,48,42,34,27,20,13
2022,H543,""A Level Music"",""01 Performing A"",75,64,56,49,41,34,27
2022,H543,""A Level Music"",""02 Performing B"",105,89,79,68,58,47,36
2022,H543,""A Level Music"",""03 Composing A"",70,58,51,44,37,30,23
2022,H543,""A Level Music"",""04 Composing B"",40,33,29,25,21,17,14
2022,H543,""A Level Music"",""05 Listening and appraising"",120,81,72,63,54,45,35
2022,H555,""A Level Physical Education"",""01 Physiological factors affecting performance"",90,60,53,47,40,33,26
2022,H555,""A Level Physical Education"",""02 Psychological factors affecting performance"",60,43,38,33,29,24,18
2022,H555,""A Level Physical Education"",""03 Socio-cultural issues in physical activity and sport"",60,36,32,28,24,20,16
2022,H555,""A Level Physical Education"",""05 Practical Performances"",30,23,20,17,14,11,9
2022,H555,""A Level Physical Education"",""06 Evaluating and Analysing Performance for Improvement"",30,19,17,14,11,9,7
2022,H556,""A Level Physics A"",""01 Modelling physics"",100,83,73,60,47,34,21
2022,H556,""A Level Physics A"",""02 Exploring physics"",100,79,67,54,41,28,16
2022,H556,""A Level Physics A"",""03 Unified physics"",70,49,41,33,25,18,10
2022,H557,""A Level Physics B (Advancing Physics)"",""01 Fundamentals of physics"",110,66,54,44,34,25,16
2022,H557,""A Level Physics B (Advancing Physics)"",""02 Scientific literacy in physics"",100,69,55,44,33,22,11
2022,H557,""A Level Physics B (Advancing Physics)"",""03 Practical skills in physics"",60,42,34,28,22,16,10
2022,H567,""A Level Psychology"",""01 Research methods"",90,73,66,55,45,34,23
2022,H567,""A Level Psychology"",""02 Psychological themes through core studies"",105,65,56,46,36,26,17
2022,H567,""A Level Psychology"",""03 Applied psychology"",105,75,67,56,45,35,24
2022,H573,""A Level Religious Studies"",""01 Philosophy of religion"",120,94,80,64,49,33,17
2022,H573,""A Level Religious Studies"",""02 Religion and ethics"",120,94,81,65,49,34,18
2022,H573,""A Level Religious Studies"",""03 Developments in Christian thought"",120,95,82,66,50,34,19
2022,H573,""A Level Religious Studies"",""04 Developments in Islamic thought"",120,95,82,66,50,34,19
2022,H573,""A Level Religious Studies"",""05 Developments in Jewish thought"",120,95,82,66,50,34,19
2022,H573,""A Level Religious Studies"",""06 Developments in Buddhist thought"",120,95,82,66,50,34,19
2022,H573,""A Level Religious Studies"",""07 Developments in Hindu thought"",120,95,82,66,50,34,19
2022,H580,""A Level Sociology"",""01 Socialisation, culture and identity"",90,80,73,61,49,38,27
2022,H580,""A Level Sociology"",""02 Researching and understanding social inequalities"",105,85,77,63,50,36,23
2022,H580,""A Level Sociology"",""03 Debates in contemporary society"",105,89,78,65,51,38,24
2023,H407,""A Level Ancient History"",""11 Sparta and the Greek world"",98,82,71,57,44,31,18
2023,H407,""A Level Ancient History"",""12 Athens and the Greek world"",98,82,71,57,44,31,18
2023,H407,""A Level Ancient History"",""13 Macedon and the Greek world"",98,82,71,57,44,31,18
2023,H407,""A Level Ancient History"",""21 Republic and Empire"",98,83,72,59,45,31,18
2023,H407,""A Level Ancient History"",""22 The Eleven Caesars"",98,83,72,59,45,31,18
2023,H407,""A Level Ancient History"",""23 Emperors and Empire"",98,83,72,59,45,31,18
2023,H600,""A Level Art and Design"",""01 Art, Craft and Design: Personal investigation"",120,114,107,92,77,62,47
2023,H600,""A Level Art and Design"",""02 Art, Craft and Design: Externally set task"",80,76,72,62,52,43,34
2023,H601,""A Level Art and Design"",""01 Fine Art: Personal investigation"",120,114,107,92,77,62,47
2023,H601,""A Level Art and Design"",""02 Fine Art: Externally set task"",80,76,72,62,52,43,34
2023,H602,""A Level Art and Design"",""01 Graphic Communication: Personal investigation"",120,114,107,92,77,62,47
2023,H602,""A Level Art and Design"",""02 Graphic Communication: Externally set task"",80,76,72,62,52,43,34
2023,H603,""A Level Art and Design"",""01 Photography: Personal investigation"",120,114,107,92,77,62,47
2023,H603,""A Level Art and Design"",""02 Photography: Externally set task"",80,76,72,62,52,43,34
2023,H604,""A Level Art and Design"",""01 Textile Design: Personal investigation"",120,114,107,92,77,62,47
2023,H604,""A Level Art and Design"",""02 Textile Design: Externally set task"",80,76,72,62,52,43,34
2023,H605,""A Level Art and Design"",""01 Three-Dimensional Design: Personal investigation"",120,114,107,92,77,62,47
2023,H605,""A Level Art and Design"",""02 Three-Dimensional Design: Externally set task"",80,76,72,62,52,43,34
2023,H606,""A Level Art and Design"",""01 Critical and Contextual Studies: Personal Investigation"",120,114,107,92,77,62,47
2023,H606,""A Level Art and Design"",""02 Critical and Contextual Studies: Externally set task"",80,76,72,62,52,43,34
2023,H420,""A Level Biology A"",""01 Biological processes"",100,68,58,48,38,29,20
2023,H420,""A Level Biology A"",""02 Biological diversity"",100,65,55,46,38,29,20
2023,H420,""A Level Biology A"",""03 Unified biology"",70,50,42,36,30,24,18
2023,H422,""A Level Biology B (Advancing Biology)"",""01 Fundamentals of biology"",110,75,66,57,49,40,30
2023,H422,""A Level Biology B (Advancing Biology)"",""02 Scientific literacy in biology"",100,55,48,41,34,28,22
2023,H422,""A Level Biology B (Advancing Biology)"",""03 Practical skills in biology"",60,39,34,29,24,19,15
2023,H431,""A Level Business"",""01 Operating in a local business environment"",80,59,53,45,37,29,22
2023,H431,""A Level Business"",""02 The UK business environment"",80,60,54,46,38,30,22
2023,H431,""A Level Business"",""03 The global business environment"",80,69,62,52,42,32,21
2023,H432,""A Level Chemistry A"",""01 Periodic table, elements and physical chemistry"",100,83,71,57,43,29,15
2023,H432,""A Level Chemistry A"",""02 Synthesis and analytical techniques"",100,90,77,61,45,30,15
2023,H432,""A Level Chemistry A"",""03 Unified chemistry"",70,61,50,40,30,20,10
2023,H433,""A Level Chemistry B (Salters)"",""01 Fundamentals of chemistry"",110,85,71,58,45,33,21
2023,H433,""A Level Chemistry B (Salters)"",""02 Scientific literacy in chemistry"",100,79,66,54,43,32,21
2023,H433,""A Level Chemistry B (Salters)"",""03 Practical skills in chemistry"",60,47,40,32,25,18,11
2023,H408,""A Level Classical Civilisation"",""11 The World of the Hero"",100,80,69,58,47,37,27
2023,H408,""A Level Classical Civilisation"",""21 Greek Theatre"",75,65,57,48,39,30,21
2023,H408,""A Level Classical Civilisation"",""22 Imperial Image"",75,64,56,46,37,28,19
2023,H408,""A Level Classical Civilisation"",""23 Invention of the Barbarian"",75,64,56,46,36,27,18
2023,H408,""A Level Classical Civilisation"",""24 Greek Art"",75,62,54,45,36,27,19
2023,H408,""A Level Classical Civilisation"",""31 Greek Religion"",75,65,57,46,36,26,16
2023,H408,""A Level Classical Civilisation"",""32 Love and Relationships"",75,66,58,48,38,28,19
2023,H408,""A Level Classical Civilisation"",""33 Politics of the Late Republic"",75,64,56,45,35,25,15
2023,H408,""A Level Classical Civilisation"",""34 Democracy and the Athenians"",75,62,54,44,34,25,16
2023,H444,""A Level Classical Greek"",""01 Unseen translation"",100,78,65,56,45,35,25
2023,H444,""A Level Classical Greek"",""02 Prose composition or comprehension"",50,36,29,25,21,17,13
2023,H444,""A Level Classical Greek"",""03 Prose literature"",75,63,52,44,37,30,23
2023,H444,""A Level Classical Greek"",""04 Verse literature"",75,63,52,44,37,30,23
2023,H446,""A Level Computer Science"",""01 Computer systems"",140,103,91,75,60,45,30
2023,H446,""A Level Computer Science"",""02 Algorithms and programming"",140,120,105,88,69,51,33
2023,H446,""A Level Computer Science"",""03 Programming project (OCR Repository)"",70,63,55,46,38,30,22
2023,H446,""A Level Computer Science"",""04 Programming project (Postal Moderation)"",70,63,55,46,38,30,22
2023,H404,""A Level Design and Technology"",""01 Principles of Design Engineering"",80,67,57,48,38,27,17
2023,H404,""A Level Design and Technology"",""02 Problem Solving in Design Engineering"",70,52,45,37,28,20,12
2023,H404,""A Level Design and Technology"",""03 Iterative Design Project (OCR Repository)"",100,86,79,68,58,48,38
2023,H404,""A Level Design and Technology"",""04 Iterative Design Project (Postal Moderation)"",100,86,79,68,58,48,38
2023,H405,""A Level Design and Technology"",""01 Principles of Fashion and Textiles"",80,68,63,55,46,38,29
2023,H405,""A Level Design and Technology"",""02 Problem Solving in Fashion and Textiles"",70,55,51,44,37,29,22
2023,H405,""A Level Design and Technology"",""03 Iterative Design Project (OCR Repository)"",100,86,79,68,58,48,38
2023,H405,""A Level Design and Technology"",""04 Iterative Design Project (Postal Moderation)"",100,86,79,68,58,48,38
2023,H406,""A Level Design and Technology"",""01 Principles of Product Design"",80,68,63,55,46,38,29
2023,H406,""A Level Design and Technology"",""02 Problem Solving in Product Design"",70,55,51,44,37,29,22
2023,H406,""A Level Design and Technology"",""03 Iterative Design Project (OCR Repository)"",100,86,79,68,58,48,38
2023,H406,""A Level Design and Technology"",""04 Iterative Design Project (Postal Moderation)"",100,86,79,68,58,48,38
2023,H459,""A Level Drama and Theatre"",""11 Practitioners in practice (performing) (OCR Repository)"",120,103,98,86,74,62,50
2023,H459,""A Level Drama and Theatre"",""12 Practitioners in practice (performing) (Postal Moderation)"",120,103,98,86,74,62,50
2023,H459,""A Level Drama and Theatre"",""13 Practitioners in practice (design) (OCR Repository)"",120,103,98,86,74,62,50
2023,H459,""A Level Drama and Theatre"",""14 Practitioners in practice (design) (Postal Moderation)"",120,103,98,86,74,62,50
2023,H459,""A Level Drama and Theatre"",""21 Exploring and performing texts (performing) (OCR Repository)"",60,52,48,42,36,30,24
2023,H459,""A Level Drama and Theatre"",""22 Exploring and performing texts (design) (OCR Repository)"",60,52,48,42,36,30,24
2023,H459,""A Level Drama and Theatre"",""31 Analysing Performance"",60,57,54,48,42,35,28
2023,H459,""A Level Drama and Theatre"",""41 Deconstructing texts for performance: Antigone"",60,55,50,45,40,36,32
2023,H459,""A Level Drama and Theatre"",""42 Deconstructing texts for performance: Cloud Nine"",60,55,50,45,40,36,32
2023,H459,""A Level Drama and Theatre"",""43 Deconstructing texts for performance: Earthquakes in London"",60,55,50,45,40,36,32
2023,H459,""A Level Drama and Theatre"",""44 Deconstructing texts for performance: Stockholm"",60,55,50,45,40,36,32
2023,H459,""A Level Drama and Theatre"",""45 Deconstructing texts for performance: Sweeney Todd: The Demon Barber of"",60,55,50,45,40,36,32
2023,H459,""A Level Drama and Theatre"",""46 Deconstructing texts for performance: The Crucible"",60,55,50,45,40,36,32
2023,H459,""A Level Drama and Theatre"",""47 Deconstructing texts for performance: The Visit"",60,55,50,45,40,36,32
2023,H459,""A Level Drama and Theatre"",""48 Deconstructing texts for performance: Woza Albert!"",60,55,50,45,40,36,32
2023,H460,""A Level Economics"",""01 Microeconomics"",80,59,50,41,32,24,15
2023,H460,""A Level Economics"",""02 Macroeconomics"",80,67,57,47,37,27,17
2023,H460,""A Level Economics"",""03 Themes in economics"",80,67,57,47,37,27,18
2023,H470,""A Level English Language"",""01 Exploring language"",80,73,64,54,44,34,23
2023,H470,""A Level English Language"",""02 Dimensions of linguistic variation"",80,67,59,50,41,32,24
2023,H470,""A Level English Language"",""03 Independent language research"",40,35,32,27,22,18,14
2023,H474,""A Level English Language and Literature (EMC)"",""01 Exploring non-fiction and spoken texts"",32,26,23,19,16,13,10
2023,H474,""A Level English Language and Literature (EMC)"",""02 The language of poetry and plays"",64,52,46,41,35,30,25
2023,H474,""A Level English Language and Literature (EMC)"",""03 Reading as a writer, writing as a reader"",64,50,47,41,34,28,22
2023,H474,""A Level English Language and Literature (EMC)"",""04 Independent study: analysing and producing texts"",40,36,34,29,25,20,15
2023,H472,""A Level English Literature"",""01 Drama and poetry pre-1900"",60,55,52,45,38,31,24
2023,H472,""A Level English Literature"",""02 Comparative and contextual study"",60,57,54,47,40,33,26
2023,H472,""A Level English Literature"",""03 Literature post-1900"",40,37,34,29,25,21,17
2023,H410,""A Level Film Studies"",""01 Film History"",105,91,78,65,51,38,25
2023,H410,""A Level Film Studies"",""02 Critical Approaches to Film"",105,90,77,63,50,36,23
2023,H410,""A Level Film Studies"",""03 Making Short Film (OCR Repository)"",90,81,71,62,53,44,35
2023,H410,""A Level Film Studies"",""04 Making Short Film (Postal Moderation)"",90,81,71,62,53,44,35
2023,H481,""A Level Geography"",""01 Physical systems"",66,45,39,32,25,19,13
2023,H481,""A Level Geography"",""02 Human interactions"",66,53,46,39,32,26,20
2023,H481,""A Level Geography"",""03 Geographical debates"",108,83,74,64,53,41,29
2023,H481,""A Level Geography"",""04 Investigative geography (OCR Repository)"",60,54,48,41,35,29,23
2023,H481,""A Level Geography"",""05 Investigative geography (Postal Moderation)"",60,54,48,41,35,29,23
2023,H414,""A Level Geology"",""01 Fundamentals of geology"",110,77,67,57,47,37,28
2023,H414,""A Level Geology"",""02 Scientific literacy in geology"",100,71,62,52,43,33,23
2023,H414,""A Level Geology"",""03 Practical skills in geology"",60,35,30,26,21,17,12
2023,Y100,""A Level History A (H505)"",""- Topic based essay"",40,36,32,27,22,17,13
2023,Y101,""A Level History A (H505)"",""to Y112 - British period study and enquiry"",50,35,31,26,21,17,13
2023,Y113,""A Level History A (H505)"",""- British period study and enquiry"",50,36,32,27,22,17,13
2023,Y201,""A Level History A (H505)"",""to Y224 - Non-British period study (except Y223)"",30,22,20,17,14,11,8
2023,Y223,""A Level History A (H505)"",""- Non-British period study"",30,23,21,17,14,11,8
2023,Y301,""A Level History A (H505)"",""to Y321 - Thematic study and historical interpretations (except Y318)"",80,62,54,45,36,28,20
2023,Y318,""A Level History A (H505)"",""- Thematic study and historical interpretations"",80,61,53,44,35,27,19
2023,H443,""A Level Latin"",""01 Unseen translation"",100,78,63,55,47,39,30
2023,H443,""A Level Latin"",""02 Prose composition or comprehension"",50,33,28,24,20,15,11
2023,H443,""A Level Latin"",""03 Prose literature"",75,59,47,39,31,24,17
2023,H443,""A Level Latin"",""04 Verse literature"",75,62,50,42,34,26,18
2023,H418,""A Level Law"",""01 The legal system and criminal law"",80,62,54,43,32,22,12
2023,H418,""A Level Law"",""02 Law making and the law of tort"",80,61,53,42,31,21,11
2023,H418,""A Level Law"",""03 The nature of law and Human rights"",80,60,51,42,33,22,12
2023,H418,""A Level Law"",""04 The nature of law and the law of contract"",80,60,52,43,34,23,12
2023,H240,""A Level Mathematics A"",""01 Pure Mathematics"",100,74,58,46,34,23,12
2023,H240,""A Level Mathematics A"",""02 Pure Mathematics and Statistics"",100,67,52,42,32,22,12
2023,H240,""A Level Mathematics A"",""03 Pure Mathematics and Mechanics"",100,68,51,41,31,21,11
2023,Y540,""A Level Further Mathematics A (H245)"",""01 Pure Core 1"",75,48,38,31,24,18,12
2023,Y541,""A Level Further Mathematics A (H245)"",""01 Pure Core 2"",75,48,38,31,25,19,13
2023,Y542,""A Level Further Mathematics A (H245)"",""01 Statistics"",75,52,42,34,27,20,13
2023,Y543,""A Level Further Mathematics A (H245)"",""01 Mechanics"",75,51,40,32,25,18,11
2023,Y544,""A Level Further Mathematics A (H245)"",""01 Discrete Mathematics"",75,60,50,41,32,24,16
2023,Y545,""A Level Further Mathematics A (H245)"",""01 Additional Pure Mathematics"",75,48,38,32,26,20,14
2023,H640,""A Level Mathematics B (MEI)"",""01 Pure Mathematics and Mechanics"",100,87,73,60,46,32,19
2023,H640,""A Level Mathematics B (MEI)"",""02 Pure Mathematics and Statistics"",100,80,66,53,41,29,17
2023,H640,""A Level Mathematics B (MEI)"",""03 Pure Mathematics and Comprehension"",75,57,47,38,30,22,13
2023,Y420,""A Level Further Mathematics B (MEI) (H645)"",""01 Core Pure"",144,117,99,81,64,47,30
2023,Y421,""A Level Further Mathematics B (MEI) (H645)"",""01 Mechanics Major"",120,77,62,49,37,25,13
2023,Y422,""A Level Further Mathematics B (MEI) (H645)"",""01 Statistics Major"",120,97,82,68,54,40,27
2023,Y431,""A Level Further Mathematics B (MEI) (H645)"",""01 Mechanics Minor"",60,44,35,28,21,14,8
2023,Y432,""A Level Further Mathematics B (MEI) (H645)"",""01 Statistics Minor"",60,48,42,36,30,24,18
2023,Y433,""A Level Further Mathematics B (MEI) (H645)"",""01 Modelling with Algorithms"",60,44,38,32,27,22,17
2023,Y434,""A Level Further Mathematics B (MEI) (H645)"",""01 Numerical Methods"",60,45,38,32,26,20,14
2023,Y435,""A Level Further Mathematics B (MEI) (H645)"",""01 Extra Pure"",60,46,39,32,25,18,11
2023,Y436,""A Level Further Mathematics B (MEI) (H645)"",""01 Further Pure with Technology"",60,40,33,27,22,17,12
2023,H409,""A Level Media Studies"",""01 Media messages"",70,49,42,34,26,18,10
2023,H409,""A Level Media Studies"",""02 Evolving media"",70,51,43,35,27,19,11
2023,H409,""A Level Media Studies"",""03 Making media (OCR Repository)"",60,54,47,39,31,23,15
2023,H409,""A Level Media Studies"",""04 Making media (Postal Moderation)"",60,54,47,39,31,23,15
2023,H543,""A Level Music"",""01 Performing A"",75,68,60,52,46,38,31
2023,H543,""A Level Music"",""02 Performing B"",105,95,84,73,63,52,42
2023,H543,""A Level Music"",""03 Composing A"",105,94,83,72,61,51,41
2023,H543,""A Level Music"",""04 Composing B"",75,67,59,51,44,37,30
2023,H543,""A Level Music"",""05 Listening and appraising"",120,87,78,69,59,50,40
2023,H555,""A Level Physical Education"",""01 Physiological factors affecting performance"",90,66,59,51,43,35,26
2023,H555,""A Level Physical Education"",""02 Psychological factors affecting performance"",60,51,46,41,35,29,23
2023,H555,""A Level Physical Education"",""03 Socio-cultural issues in physical activity and sport"",60,41,37,33,28,24,19
2023,H555,""A Level Physical Education"",""05 Practical Performances"",30,24,22,18,15,12,9
2023,H555,""A Level Physical Education"",""06 Evaluating and Analysing Performance for Improvement"",30,21,19,16,13,10,8
2023,H556,""A Level Physics A"",""01 Modelling physics"",100,74,65,54,43,32,22
2023,H556,""A Level Physics A"",""02 Exploring physics"",100,81,69,57,45,34,22
2023,H556,""A Level Physics A"",""03 Unified physics"",70,56,48,40,32,24,16
2023,H557,""A Level Physics B (Advancing Physics)"",""01 Fundamentals of physics"",110,82,67,56,45,35,25
2023,H557,""A Level Physics B (Advancing Physics)"",""02 Scientific literacy in physics"",100,76,62,50,38,26,14
2023,H557,""A Level Physics B (Advancing Physics)"",""03 Practical skills in physics"",60,49,41,35,29,23,17
2023,H567,""A Level Psychology"",""01 Research methods"",90,78,72,62,51,40,29
2023,H567,""A Level Psychology"",""02 Psychological themes through core studies"",105,73,66,55,45,35,25
2023,H567,""A Level Psychology"",""03 Applied psychology"",105,71,63,53,43,34,25
2023,H573,""A Level Religious Studies"",""01 Philosophy of religion"",120,102,86,71,55,39,23
2023,H573,""A Level Religious Studies"",""02 Religion and ethics"",120,100,85,69,54,38,22
2023,H573,""A Level Religious Studies"",""03 Developments in Christian thought"",120,99,84,68,52,37,22
2023,H573,""A Level Religious Studies"",""04 Developments in Islamic thought"",120,99,84,68,52,37,22
2023,H573,""A Level Religious Studies"",""05 Developments in Jewish thought"",120,99,84,68,52,37,22
2023,H573,""A Level Religious Studies"",""06 Developments in Buddhist thought"",120,99,84,68,52,37,22
2023,H573,""A Level Religious Studies"",""07 Developments in Hindu thought"",120,99,84,68,52,37,22
2023,H580,""A Level Sociology"",""01 Socialisation, culture and identity"",90,85,76,64,52,40,29
2023,H580,""A Level Sociology"",""02 Researching and understanding social inequalities"",105,85,79,66,52,39,25
2023,H580,""A Level Sociology"",""03 Debates in contemporary society"",105,89,80,66,53,40,27
2024,H407,""A Level Ancient History"",""11 Sparta and the Greek world"",98,86,73,59,45,31,18
2024,H407,""A Level Ancient History"",""12 Athens and the Greek world"",98,83,71,58,45,32,19
2024,H407,""A Level Ancient History"",""13 Macedon and the Greek world"",98,83,71,58,45,32,19
2024,H407,""A Level Ancient History"",""21 Republic and Empire"",98,82,68,55,42,29,17
2024,H407,""A Level Ancient History"",""22 The Eleven Caesars"",98,84,72,58,44,31,18
2024,H407,""A Level Ancient History"",""23 Emperors and Empire"",98,83,70,57,44,31,18
2024,H600,""A Level Art and Design"",""01 Art, Craft and Design: Personal investigation"",120,115,108,93,78,63,48
2024,H600,""A Level Art and Design"",""02 Art, Craft and Design: Externally set task"",80,77,73,63,53,43,34
2024,H601,""A Level Art and Design"",""01 Fine Art: Personal investigation"",120,115,108,93,78,63,48
2024,H601,""A Level Art and Design"",""02 Fine Art: Externally set task"",80,77,73,63,53,43,34
2024,H602,""A Level Art and Design"",""01 Graphic Communication: Personal investigation"",120,115,108,93,78,63,48
2024,H602,""A Level Art and Design"",""02 Graphic Communication: Externally set task"",80,77,73,63,53,43,34
2024,H603,""A Level Art and Design"",""01 Photography: Personal investigation"",120,115,108,93,78,63,48
2024,H603,""A Level Art and Design"",""02 Photography: Externally set task"",80,77,73,63,53,43,34
2024,H604,""A Level Art and Design"",""01 Textile Design: Personal investigation"",120,115,108,93,78,63,48
2024,H604,""A Level Art and Design"",""02 Textile Design: Externally set task"",80,77,73,63,53,43,34
2024,H605,""A Level Art and Design"",""01 Three-Dimensional Design: Personal investigation"",120,115,108,93,78,63,48
2024,H605,""A Level Art and Design"",""02 Three-Dimensional Design: Externally set task"",80,77,73,63,53,43,34
2024,H606,""A Level Art and Design"",""01 Critical and Contextual Studies: Personal Investigation"",120,115,108,93,78,63,48
2024,H606,""A Level Art and Design"",""02 Critical and Contextual Studies: Externally set task"",80,77,73,63,53,43,34
2024,H420,""A Level Biology A"",""01 Biological processes"",100,71,61,52,43,33,23
2024,H420,""A Level Biology A"",""02 Biological diversity"",100,68,58,49,40,32,24
2024,H420,""A Level Biology A"",""03 Unified biology"",70,48,41,35,29,24,19
2024,H422,""A Level Biology B (Advancing Biology)"",""01 Fundamentals of biology"",110,76,67,58,49,39,30
2024,H422,""A Level Biology B (Advancing Biology)"",""02 Scientific literacy in biology"",100,57,51,45,39,33,27
2024,H422,""A Level Biology B (Advancing Biology)"",""03 Practical skills in biology"",60,38,33,28,23,19,15
2024,H431,""A Level Business"",""01 Operating in a local business environment"",80,62,55,46,37,28,19
2024,H431,""A Level Business"",""02 The UK business environment"",80,63,56,47,38,29,20
2024,H431,""A Level Business"",""03 The global business environment"",80,65,59,49,39,30,21
2024,H432,""A Level Chemistry A"",""01 Periodic table, elements and physical chemistry"",100,91,80,66,51,37,23
2024,H432,""A Level Chemistry A"",""02 Synthesis and analytical techniques"",100,92,81,66,51,36,21
2024,H432,""A Level Chemistry A"",""03 Unified chemistry"",70,60,51,41,32,23,14
2024,H433,""A Level Chemistry B (Salters)"",""01 Fundamentals of chemistry"",110,89,75,63,52,40,28
2024,H433,""A Level Chemistry B (Salters)"",""02 Scientific literacy in chemistry"",100,81,68,57,46,36,26
2024,H433,""A Level Chemistry B (Salters)"",""03 Practical skills in chemistry"",60,51,43,36,29,22,15
2024,H408,""A Level Classical Civilisation"",""11 The World of the Hero"",100,83,71,59,47,36,25
2024,H408,""A Level Classical Civilisation"",""21 Greek Theatre"",75,64,57,47,37,27,17
2024,H408,""A Level Classical Civilisation"",""22 Imperial Image"",75,64,56,46,36,27,18
2024,H408,""A Level Classical Civilisation"",""23 Invention of the Barbarian"",75,63,57,47,38,29,20
2024,H408,""A Level Classical Civilisation"",""24 Greek Art"",75,62,55,45,35,26,17
2024,H408,""A Level Classical Civilisation"",""31 Greek Religion"",75,65,57,47,37,27,17
2024,H408,""A Level Classical Civilisation"",""32 Love and Relationships"",75,65,58,48,38,28,18
2024,H408,""A Level Classical Civilisation"",""33 Politics of the Late Republic"",75,65,57,46,36,26,16
2024,H408,""A Level Classical Civilisation"",""34 Democracy and the Athenians"",75,63,55,45,35,26,17
2024,H444,""A Level Classical Greek"",""01 Unseen translation"",100,86,71,62,51,41,31
2024,H444,""A Level Classical Greek"",""02 Prose composition or comprehension"",50,39,31,27,23,19,15
2024,H444,""A Level Classical Greek"",""03 Prose literature"",75,63,52,44,37,30,23
2024,H444,""A Level Classical Greek"",""04 Verse literature"",75,63,52,44,37,30,23
2024,H446,""A Level Computer Science"",""01 Computer systems"",140,115,101,85,69,53,37
2024,H446,""A Level Computer Science"",""02 Algorithms and programming"",140,114,99,83,66,49,33
2024,H446,""A Level Computer Science"",""03 Programming project (Moderated Upload)"",70,63,56,47,39,31,23
2024,H446,""A Level Computer Science"",""04 Programming project (Moderated Postal)"",70,63,56,47,39,31,23
2024,H404,""A Level Design and Technology"",""01 Principles of Design Engineering"",80,64,55,46,36,26,17
2024,H404,""A Level Design and Technology"",""02 Problem Solving in Design Engineering"",70,50,45,36,28,20,12
2024,H404,""A Level Design and Technology"",""03 Iterative Design Project (Moderated Upload)"",100,86,79,69,59,49,39
2024,H404,""A Level Design and Technology"",""04 Iterative Design Project (Moderated Postal)"",100,86,79,69,59,49,39
2024,H405,""A Level Design and Technology"",""01 Principles of Fashion and Textiles"",80,68,62,55,48,41,34
2024,H405,""A Level Design and Technology"",""02 Problem Solving in Fashion and Textiles"",70,57,52,45,38,32,26
2024,H405,""A Level Design and Technology"",""03 Iterative Design Project (Moderated Upload)"",100,86,79,69,59,49,39
2024,H405,""A Level Design and Technology"",""04 Iterative Design Project (Moderated Postal)"",100,86,79,69,59,49,39
2024,H406,""A Level Design and Technology"",""01 Principles of Product Design"",80,68,62,55,48,41,34
2024,H406,""A Level Design and Technology"",""02 Problem Solving in Product Design"",70,57,52,45,38,32,26
2024,H406,""A Level Design and Technology"",""03 Iterative Design Project (Moderated Upload)"",100,86,79,69,59,49,39
2024,H406,""A Level Design and Technology"",""04 Iterative Design Project (Moderated Postal)"",100,86,79,69,59,49,39
2024,H459,""A Level Drama and Theatre"",""11 Practitioners in practice (performing) (Moderated Upload)"",120,104,99,87,73,58,43
2024,H459,""A Level Drama and Theatre"",""12 Practitioners in practice (performing) (Moderated Postal)"",120,104,99,87,73,58,43
2024,H459,""A Level Drama and Theatre"",""13 Practitioners in practice (design) (Moderated Upload)"",120,104,99,87,73,58,43
2024,H459,""A Level Drama and Theatre"",""14 Practitioners in practice (design) (Moderated Postal)"",120,104,99,87,73,58,43
2024,H459,""A Level Drama and Theatre"",""21 Exploring and performing texts (performing) (Moderated Upload)"",60,52,49,41,34,27,20
2024,H459,""A Level Drama and Theatre"",""22 Exploring and performing texts (design) (Moderated Upload)"",60,52,49,41,34,27,20
2024,H459,""A Level Drama and Theatre"",""31 Analysing Performance"",60,54,51,44,37,31,25
2024,H459,""A Level Drama and Theatre"",""41 Deconstructing texts for performance: Antigone"",60,56,53,45,38,31,24
2024,H459,""A Level Drama and Theatre"",""42 Deconstructing texts for performance: Cloud Nine"",60,56,53,45,38,31,24
2024,H459,""A Level Drama and Theatre"",""43 Deconstructing texts for performance: Earthquakes in London"",60,56,53,45,38,31,24
2024,H459,""A Level Drama and Theatre"",""44 Deconstructing texts for performance: Stockholm"",60,56,53,45,38,31,24
2024,H459,""A Level Drama and Theatre"",""45 Deconstructing texts for performance: Sweeney Todd: The Demon Barber of"",60,56,53,45,38,31,24
2024,H459,""A Level Drama and Theatre"",""46 Deconstructing texts for performance: The Crucible"",60,56,53,45,38,31,24
2024,H459,""A Level Drama and Theatre"",""47 Deconstructing texts for performance: The Visit"",60,56,53,45,38,31,24
2024,H459,""A Level Drama and Theatre"",""48 Deconstructing texts for performance: Woza Albert!"",60,56,53,45,38,31,24
2024,H460,""A Level Economics"",""01 Microeconomics"",80,59,51,43,34,25,17
2024,H460,""A Level Economics"",""02 Macroeconomics"",80,67,58,48,39,30,20
2024,H460,""A Level Economics"",""03 Themes in economics"",80,67,57,48,39,30,21
2024,H470,""A Level English Language"",""01 Exploring language"",80,70,62,52,42,32,22
2024,H470,""A Level English Language"",""02 Dimensions of linguistic variation"",80,64,56,47,38,29,20
2024,H470,""A Level English Language"",""03 Independent language research (Moderated Upload)"",40,35,32,27,22,18,14
2024,H470,""A Level English Language"",""04 Independent language research (Moderated Postal)"",40,35,32,27,22,18,14
2024,H474,""A Level English Language and Literature (EMC)"",""01 Exploring non-fiction and spoken texts"",32,27,24,20,17,14,11
2024,H474,""A Level English Language and Literature (EMC)"",""02 The language of poetry and plays"",64,52,47,42,36,30,25
2024,H474,""A Level English Language and Literature (EMC)"",""03 Reading as a writer, writing as a reader"",64,53,50,44,38,32,25
2024,H474,""A Level English Language and Literature (EMC)"",""04 Independent study: analysing and producing texts (Moderated Upload)"",40,36,34,29,24,19,15
2024,H474,""A Level English Language and Literature (EMC)"",""05 Independent study: analysing and producing texts (Moderated Postal)"",40,36,34,29,24,19,15
2024,H472,""A Level English Literature"",""01 Drama and poetry pre-1900"",60,55,52,45,38,32,26
2024,H472,""A Level English Literature"",""02 Comparative and contextual study"",60,57,54,47,40,33,27
2024,H472,""A Level English Literature"",""03 Literature post-1900 (Moderated Upload)"",40,38,35,30,27,22,16
2024,H472,""A Level English Literature"",""04 Literature post-1900 (Moderated Postal)"",40,38,35,30,27,22,16
2024,H410,""A Level Film Studies"",""01 Film History"",105,85,77,65,52,39,26
2024,H410,""A Level Film Studies"",""02 Critical Approaches to Film"",105,90,82,69,57,45,33
2024,H410,""A Level Film Studies"",""03 Making Short Film (Moderated Upload)"",90,78,71,62,53,44,35
2024,H410,""A Level Film Studies"",""04 Making Short Film (Moderated Postal)"",90,78,71,62,53,44,35
2024,H481,""A Level Geography"",""01 Physical systems"",66,50,43,36,29,23,17
2024,H481,""A Level Geography"",""02 Human interactions"",66,50,44,38,32,26,21
2024,H481,""A Level Geography"",""03 Geographical debates"",108,83,73,63,53,42,30
2024,H481,""A Level Geography"",""04 Investigative geography (Moderated Upload)"",60,54,48,41,35,29,23
2024,H481,""A Level Geography"",""05 Investigative geography (Moderated Postal)"",60,54,48,41,35,29,23
2024,H414,""A Level Geology"",""01 Fundamentals of geology"",110,74,64,54,44,35,24
2024,H414,""A Level Geology"",""02 Scientific literacy in geology"",100,73,63,53,43,33,24
2024,H414,""A Level Geology"",""03 Practical skills in geology"",60,37,32,27,22,17,13
2024,Y100,""A Level History A (H505)"",""- Topic based essay"",40,36,32,27,22,17,13
2024,Y101,""A Level History A (H505)"",""to Y112 - British period study and enquiry (except Y102)"",50,36,31,26,21,16,12
2024,Y102,""A Level History A (H505)"",""- British period study and enquiry"",50,36,32,27,22,17,13
2024,Y113,""A Level History A (H505)"",""- British period study and enquiry"",50,37,32,27,22,17,12
2024,Y201,""A Level History A (H505)"",""to Y224 - Non-British period study (except Y206, Y213, Y215, Y223)"",30,21,19,16,13,10,8
2024,Y206,""A Level History A (H505)"",""- Non-British period study"",30,17,15,12,10,8,6
2024,Y213,,""A Level History A (H505)"",""Y215 - Non-British period study"",30,21,19,16,13,10,7
2024,Y223,""A Level History A (H505)"",""- Non-British period study"",30,22,20,17,14,11,8
2024,Y301,""A Level History A (H505)"",""to Y321 - Thematic study and historical interpretations (except Y318)"",80,60,53,44,36,28,20
2024,Y318,""A Level History A (H505)"",""- Thematic study and historical interpretations"",80,59,52,43,35,27,19
2024,H443,""A Level Latin"",""01 Unseen translation"",100,82,68,60,52,44,36
2024,H443,""A Level Latin"",""02 Prose composition or comprehension"",50,33,29,25,21,17,14
2024,H443,""A Level Latin"",""03 Prose literature"",75,63,51,44,37,30,23
2024,H443,""A Level Latin"",""04 Verse literature"",75,61,51,44,37,30,23
2024,H418,""A Level Law"",""01 The legal system and criminal law"",80,63,55,44,33,23,13
2024,H418,""A Level Law"",""02 Law making and the law of tort"",80,62,53,43,33,23,12
2024,H418,""A Level Law"",""03 The nature of law and Human rights"",80,59,50,41,32,23,15
2024,H418,""A Level Law"",""04 The nature of law and the law of contract"",80,62,53,43,33,23,14
2024,H240,""A Level Mathematics A"",""01 Pure Mathematics"",100,73,57,47,36,26,15
2024,H240,""A Level Mathematics A"",""02 Pure Mathematics and Statistics"",100,72,56,46,36,25,15
2024,H240,""A Level Mathematics A"",""03 Pure Mathematics and Mechanics"",100,71,55,44,34,24,14
2024,Y540,""A Level Further Mathematics A (H245)"",""01 Pure Core 1"",75,56,48,41,34,27,20
2024,Y541,""A Level Further Mathematics A (H245)"",""01 Pure Core 2"",75,56,47,40,33,26,20
2024,Y542,""A Level Further Mathematics A (H245)"",""01 Statistics"",75,58,48,40,32,25,18
2024,Y543,""A Level Further Mathematics A (H245)"",""01 Mechanics"",75,60,50,42,34,26,18
2024,Y544,""A Level Further Mathematics A (H245)"",""01 Discrete Mathematics"",75,56,47,40,33,26,19
2024,Y545,""A Level Further Mathematics A (H245)"",""01 Additional Pure Mathematics"",75,44,35,29,23,17,11
2024,H640,""A Level Mathematics B (MEI)"",""01 Pure Mathematics and Mechanics"",100,90,76,62,48,35,22
2024,H640,""A Level Mathematics B (MEI)"",""02 Pure Mathematics and Statistics"",100,82,69,57,45,33,21
2024,H640,""A Level Mathematics B (MEI)"",""03 Pure Mathematics and Comprehension"",75,59,45,37,29,21,13
2024,Y420,""A Level Further Mathematics B (MEI) (H645)"",""01 Core Pure"",144,130,114,94,74,54,35
2024,Y421,""A Level Further Mathematics B (MEI) (H645)"",""01 Mechanics Major"",120,74,64,52,40,29,18
2024,Y422,""A Level Further Mathematics B (MEI) (H645)"",""01 Statistics Major"",120,99,89,75,61,48,35
2024,Y431,""A Level Further Mathematics B (MEI) (H645)"",""01 Mechanics Minor"",60,43,34,28,22,16,11
2024,Y432,""A Level Further Mathematics B (MEI) (H645)"",""01 Statistics Minor"",60,48,43,36,30,24,18
2024,Y433,""A Level Further Mathematics B (MEI) (H645)"",""01 Modelling with Algorithms"",60,47,40,34,28,23,18
2024,Y434,""A Level Further Mathematics B (MEI) (H645)"",""01 Numerical Methods"",60,52,42,36,30,24,19
2024,Y435,""A Level Further Mathematics B (MEI) (H645)"",""01 Extra Pure"",60,48,40,32,25,18,11
2024,Y436,""A Level Further Mathematics B (MEI) (H645)"",""01 Further Pure with Technology"",60,48,38,32,27,22,17
2024,H409,""A Level Media Studies"",""01 Media messages"",70,49,42,35,27,20,12
2024,H409,""A Level Media Studies"",""02 Evolving media"",70,50,43,35,28,20,13
2024,H409,""A Level Media Studies"",""03 Making media (Moderated Upload)"",60,53,47,39,32,25,18
2024,H409,""A Level Media Studies"",""04 Making media (Moderated Postal)"",60,53,47,39,32,25,18
2024,H543,""A Level Music"",""01 Performing A"",75,68,60,53,46,38,31
2024,H543,""A Level Music"",""02 Performing B"",105,95,84,74,63,52,42
2024,H543,""A Level Music"",""03 Composing A"",105,93,83,72,61,51,41
2024,H543,""A Level Music"",""04 Composing B"",75,66,59,51,44,37,30
2024,H543,""A Level Music"",""05 Listening and appraising"",120,86,77,68,59,50,40
2024,H555,""A Level Physical Education"",""01 Physiological factors affecting performance"",90,61,55,50,43,36,27
2024,H555,""A Level Physical Education"",""02 Psychological factors affecting performance"",60,50,44,39,34,29,24
2024,H555,""A Level Physical Education"",""03 Socio-cultural issues in physical activity and sport"",60,35,31,27,23,19,16
2024,H555,""A Level Physical Education"",""05 Practical Performances"",30,24,22,18,15,12,9
2024,H555,""A Level Physical Education"",""06 Evaluating and Analysing Performance for Improvement - Moderated Postal"",30,21,19,16,13,10,8
2024,H555,""A Level Physical Education"",""07 Evaluating and Analysing Performance for Improvement - Moderated Upload"",30,21,19,16,13,10,8
2024,H556,""A Level Physics A"",""01 Modelling physics"",100,72,63,52,42,32,22
2024,H556,""A Level Physics A"",""02 Exploring physics"",100,84,70,58,46,34,22
2024,H556,""A Level Physics A"",""03 Unified physics"",70,51,42,36,29,22,15
2024,H557,""A Level Physics B (Advancing Physics)"",""01 Fundamentals of physics"",110,75,62,53,45,36,28
2024,H557,""A Level Physics B (Advancing Physics)"",""02 Scientific literacy in physics"",100,74,60,49,38,28,17
2024,H557,""A Level Physics B (Advancing Physics)"",""03 Practical skills in physics"",60,45,36,32,27,23,19
2024,H567,""A Level Psychology"",""01 Research methods"",90,78,72,62,51,41,30
2024,H567,""A Level Psychology"",""02 Psychological themes through core studies"",105,76,69,58,47,37,27
2024,H567,""A Level Psychology"",""03 Applied psychology"",105,75,68,57,47,36,26
2024,H573,""A Level Religious Studies"",""01 Philosophy of religion"",120,98,83,68,53,39,25
2024,H573,""A Level Religious Studies"",""02 Religion and ethics"",120,99,85,71,56,40,26
2024,H573,""A Level Religious Studies"",""03 Developments in Christian thought"",120,98,83,68,54,40,25
2024,H573,""A Level Religious Studies"",""04 Developments in Islamic thought"",120,98,83,68,54,40,25
2024,H573,""A Level Religious Studies"",""05 Developments in Jewish thought"",120,98,83,68,54,40,25
2024,H573,""A Level Religious Studies"",""06 Developments in Buddhist thought"",120,98,83,68,54,40,25
2024,H573,""A Level Religious Studies"",""07 Developments in Hindu thought"",120,98,83,68,54,40,25
2024,H580,""A Level Sociology"",""01 Socialisation, culture and identity"",90,86,76,63,51,38,26
2024,H580,""A Level Sociology"",""02 Researching and understanding social inequalities"",105,85,78,65,51,38,24
2024,H580,""A Level Sociology"",""03 Debates in contemporary society"",105,85,77,64,51,38,25
2025,H407,""A Level Ancient History"",""11 Sparta and the Greek world"",98,84,72,59,45,31,18
2025,H407,""A Level Ancient History"",""12 Athens and the Greek world"",98,81,71,58,45,32,19
2025,H407,""A Level Ancient History"",""13 Macedon and the Greek world"",98,83,72,59,46,32,19
2025,H407,""A Level Ancient History"",""21 Republic and Empire"",98,80,69,56,43,31,18
2025,H407,""A Level Ancient History"",""22 The Eleven Caesars"",98,82,71,57,44,31,18
2025,H407,""A Level Ancient History"",""23 Emperors and Empire"",98,81,71,57,44,31,18
2025,H600,""A Level Art and Design"",""01 Art, Craft and Design: Personal investigation"",120,115,108,93,78,63,48
2025,H600,""A Level Art and Design"",""02 Art, Craft and Design: Externally set task"",80,77,73,63,53,43,34
2025,H601,""A Level Art and Design"",""01 Fine Art: Personal investigation"",120,115,108,93,78,63,48
2025,H601,""A Level Art and Design"",""02 Fine Art: Externally set task"",80,77,73,63,53,43,34
2025,H602,""A Level Art and Design"",""01 Graphic Communication: Personal investigation"",120,115,108,93,78,63,48
2025,H602,""A Level Art and Design"",""02 Graphic Communication: Externally set task"",80,77,73,63,53,43,34
2025,H603,""A Level Art and Design"",""01 Photography: Personal investigation"",120,115,108,93,78,63,48
2025,H603,""A Level Art and Design"",""02 Photography: Externally set task"",80,77,73,63,53,43,34
2025,H604,""A Level Art and Design"",""01 Textile Design: Personal investigation"",120,115,108,93,78,63,48
2025,H604,""A Level Art and Design"",""02 Textile Design: Externally set task"",80,77,73,63,53,43,34
2025,H605,""A Level Art and Design"",""01 Three-Dimensional Design: Personal investigation"",120,115,108,93,78,63,48
2025,H605,""A Level Art and Design"",""02 Three-Dimensional Design: Externally set task"",80,77,73,63,53,43,34
2025,H606,""A Level Art and Design"",""01 Critical and Contextual Studies: Personal Investigation"",120,115,108,93,78,63,48
2025,H606,""A Level Art and Design"",""02 Critical and Contextual Studies: Externally set task"",80,77,73,63,53,43,34
2025,H420,""A Level Biology A"",""01 Biological processes"",100,69,59,49,40,31,22
2025,H420,""A Level Biology A"",""02 Biological diversity"",100,69,60,52,43,35,26
2025,H420,""A Level Biology A"",""03 Unified biology"",70,49,42,36,30,24,19
2025,H422,""A Level Biology B (Advancing Biology)"",""01 Fundamentals of biology"",110,80,71,63,54,46,37
2025,H422,""A Level Biology B (Advancing Biology)"",""02 Scientific literacy in biology"",100,66,60,54,49,43,37
2025,H422,""A Level Biology B (Advancing Biology)"",""03 Practical skills in biology"",60,40,36,31,26,21,17
2025,H431,""A Level Business"",""01 Operating in a local business environment"",80,63,57,49,41,33,25
2025,H431,""A Level Business"",""02 The UK business environment"",80,62,55,47,39,31,24
2025,H431,""A Level Business"",""03 The global business environment"",80,62,56,48,40,32,24
2025,H432,""A Level Chemistry A"",""01 Periodic table, elements and physical chemistry"",100,92,81,66,52,38,24
2025,H432,""A Level Chemistry A"",""02 Synthesis and analytical techniques"",100,91,81,66,51,36,21
2025,H432,""A Level Chemistry A"",""03 Unified chemistry"",70,60,51,43,34,25,16
2025,H433,""A Level Chemistry B (Salters)"",""01 Fundamentals of chemistry"",110,87,71,59,47,35,23
2025,H433,""A Level Chemistry B (Salters)"",""02 Scientific literacy in chemistry"",100,78,64,53,42,32,22
2025,H433,""A Level Chemistry B (Salters)"",""03 Practical skills in chemistry"",60,51,41,34,28,21,14
2025,H408,""A Level Classical Civilisation"",""11 The World of the Hero"",100,82,71,60,49,38,27
2025,H408,""A Level Classical Civilisation"",""21 Greek Theatre"",75,65,57,47,38,29,20
2025,H408,""A Level Classical Civilisation"",""22 Imperial Image"",75,65,57,47,38,29,20
2025,H408,""A Level Classical Civilisation"",""23 Invention of the Barbarian"",75,65,57,47,38,29,20
2025,H408,""A Level Classical Civilisation"",""24 Greek Art"",75,62,54,45,37,28,20
2025,H408,""A Level Classical Civilisation"",""31 Greek Religion"",75,64,57,48,38,28,19
2025,H408,""A Level Classical Civilisation"",""32 Love and Relationships"",75,64,56,47,38,29,20
2025,H408,""A Level Classical Civilisation"",""33 Politics of the Late Republic"",75,65,57,48,38,29,20
2025,H408,""A Level Classical Civilisation"",""34 Democracy and the Athenians"",75,65,57,48,38,28,19
2025,H444,""A Level Classical Greek"",""01 Unseen translation"",100,80,67,57,46,36,25
2025,H444,""A Level Classical Greek"",""02 Prose composition or comprehension"",50,37,30,27,23,18,15
2025,H444,""A Level Classical Greek"",""03 Prose literature"",75,63,52,44,37,30,23
2025,H444,""A Level Classical Greek"",""04 Verse literature"",75,63,52,44,37,30,23
2025,H446,""A Level Computer Science"",""01 Computer systems"",140,112,99,84,69,54,40
2025,H446,""A Level Computer Science"",""02 Algorithms and programming"",140,116,101,85,70,54,39
2025,H446,""A Level Computer Science"",""03 Programming project (Moderated Upload)"",70,63,56,49,41,34,26
2025,H446,""A Level Computer Science"",""04 Programming project (Moderated Postal)"",70,63,56,49,41,34,26
2025,H404,""A Level Design and Technology"",""01 Principles of Design Engineering"",80,68,63,54,45,36,26
2025,H404,""A Level Design and Technology"",""02 Problem Solving in Design Engineering"",70,53,49,41,32,23,15
2025,H404,""A Level Design and Technology"",""03 Iterative Design Project (Moderated Upload)"",100,87,80,69,59,49,39
2025,H404,""A Level Design and Technology"",""04 Iterative Design Project (Moderated Postal)"",100,87,80,69,59,49,39
2025,H405,""A Level Design and Technology"",""01 Principles of Fashion and Textiles"",80,70,63,55,46,37,28
2025,H405,""A Level Design and Technology"",""02 Problem Solving in Fashion and Textiles"",70,58,53,44,36,28,20
2025,H405,""A Level Design and Technology"",""03 Iterative Design Project (Moderated Upload)"",100,87,80,69,59,49,39
2025,H405,""A Level Design and Technology"",""04 Iterative Design Project (Moderated Postal)"",100,87,80,69,59,49,39
2025,H406,""A Level Design and Technology"",""01 Principles of Product Design"",80,70,63,55,46,37,28
2025,H406,""A Level Design and Technology"",""02 Problem Solving in Product Design"",70,58,53,44,36,28,20
2025,H406,""A Level Design and Technology"",""03 Iterative Design Project (Moderated Upload)"",100,87,80,69,59,49,39
2025,H406,""A Level Design and Technology"",""04 Iterative Design Project (Moderated Postal)"",100,87,80,69,59,49,39
2025,H459,""A Level Drama and Theatre"",""11 Practitioners in practice (performing) (Moderated Upload)"",120,105,100,88,76,63,50
2025,H459,""A Level Drama and Theatre"",""12 Practitioners in practice (performing) (Moderated Postal)"",120,105,100,88,76,63,50
2025,H459,""A Level Drama and Theatre"",""13 Practitioners in practice (design) (Moderated Upload)"",120,105,100,88,76,63,50
2025,H459,""A Level Drama and Theatre"",""14 Practitioners in practice (design) (Moderated Postal)"",120,105,100,88,76,63,50
2025,H459,""A Level Drama and Theatre"",""21 Exploring and performing texts (performing) (Moderated Upload)"",60,52,49,42,36,30,24
2025,H459,""A Level Drama and Theatre"",""22 Exploring and performing texts (design) (Moderated Upload)"",60,52,49,42,36,30,24
2025,H459,""A Level Drama and Theatre"",""31 Analysing Performance"",60,55,52,46,39,33,26
2025,H459,""A Level Drama and Theatre"",""41 Deconstructing texts for performance: Antigone"",60,56,53,46,39,32,26
2025,H459,""A Level Drama and Theatre"",""43 Deconstructing texts for performance: Earthquakes in London"",60,56,53,46,39,32,26
2025,H459,""A Level Drama and Theatre"",""44 Deconstructing texts for performance: Stockholm"",60,56,53,46,39,32,26
2025,H459,""A Level Drama and Theatre"",""45 Deconstructing texts for performance: Sweeney Todd: The Demon Barber of"",60,56,53,46,39,32,26
2025,H459,""A Level Drama and Theatre"",""46 Deconstructing texts for performance: The Crucible"",60,56,53,46,39,32,26
2025,H459,""A Level Drama and Theatre"",""47 Deconstructing texts for performance: The Visit"",60,56,53,46,39,32,26
2025,H459,""A Level Drama and Theatre"",""48 Deconstructing texts for performance: Woza Albert!"",60,56,53,46,39,32,26
2025,H460,""A Level Economics"",""01 Microeconomics"",80,59,51,42,34,26,17
2025,H460,""A Level Economics"",""02 Macroeconomics"",80,68,59,49,39,29,20
2025,H460,""A Level Economics"",""03 Themes in economics"",80,70,61,51,41,31,21
2025,H470,""A Level English Language"",""01 Exploring language"",80,72,63,53,43,33,24
2025,H470,""A Level English Language"",""02 Dimensions of linguistic variation"",80,65,57,48,39,30,20
2025,H470,""A Level English Language"",""03 Independent language research (Moderated Upload)"",40,35,32,27,22,18,14
2025,H470,""A Level English Language"",""04 Independent language research (Moderated Postal)"",40,35,32,27,22,18,14
2025,H474,""A Level English Language and Literature (EMC)"",""01 Exploring non-fiction and spoken texts"",32,27,24,21,18,15,12
2025,H474,""A Level English Language and Literature (EMC)"",""02 The language of poetry and plays"",64,52,47,42,37,32,26
2025,H474,""A Level English Language and Literature (EMC)"",""03 Reading as a writer, writing as a reader"",64,52,49,43,37,31,26
2025,H474,""A Level English Language and Literature (EMC)"",""04 Independent study: analysing and producing texts (Moderated Upload)"",40,36,34,29,24,19,15
2025,H474,""A Level English Language and Literature (EMC)"",""05 Independent study: analysing and producing texts (Moderated Postal)"",40,36,34,29,24,19,15
2025,H472,""A Level English Literature"",""01 Drama and poetry pre-1900"",60,55,52,45,39,33,27
2025,H472,""A Level English Literature"",""02 Comparative and contextual study"",60,57,54,47,41,33,27
2025,H472,""A Level English Literature"",""03 Literature post-1900 (Moderated Upload)"",40,38,36,32,26,23,17
2025,H472,""A Level English Literature"",""04 Literature post-1900 (Moderated Postal)"",40,38,36,32,26,23,17
2025,H410,""A Level Film Studies"",""01 Film History"",105,92,82,70,57,44,32
2025,H410,""A Level Film Studies"",""02 Critical Approaches to Film"",105,85,76,64,53,42,31
2025,H410,""A Level Film Studies"",""03 Making Short Film (Moderated Upload)"",90,78,71,62,53,44,35
2025,H410,""A Level Film Studies"",""04 Making Short Film (Moderated Postal)"",90,78,71,62,53,44,35
2025,H481,""A Level Geography"",""01 Physical systems"",66,45,39,33,27,21,16
2025,H481,""A Level Geography"",""02 Human interactions"",66,53,46,40,34,28,23
2025,H481,""A Level Geography"",""03 Geographical debates"",108,87,77,67,56,45,33
2025,H481,""A Level Geography"",""04 Investigative geography (Moderated Upload)"",60,54,48,41,35,29,23
2025,H481,""A Level Geography"",""05 Investigative geography (Moderated Postal)"",60,54,48,41,35,29,23
2025,H414,""A Level Geology"",""01 Fundamentals of geology"",110,78,68,58,47,36,25
2025,H414,""A Level Geology"",""02 Scientific literacy in geology"",100,76,66,56,46,36,27
2025,H414,""A Level Geology"",""03 Practical skills in geology"",60,44,38,32,27,22,17
2025,Y100,""A Level History A (H505)"",""- Topic based essay"",40,36,32,27,22,17,13
2025,Y101,""A Level History A (H505)"",""to Y113 - British period study and enquiry"",50,36,32,27,22,17,13
2025,Y201,""A Level History A (H505)"",""to Y224 - Non-British period study (except Y213 and Y219)"",30,22,20,17,14,11,8
2025,Y213,""A Level History A (H505)"",""- Non-British period study"",30,21,19,16,13,10,7
2025,Y219,""A Level History A (H505)"",""- Non-British period study"",30,21,19,16,13,10,8
2025,Y301,""A Level History A (H505)"",""to Y321 - Thematic study and historical interpretations (except Y306 and Y319)"",80,59,53,45,37,29,21
2025,Y306,""A Level History A (H505)"",""- Thematic study and historical interpretations"",80,61,55,46,37,29,21
2025,Y319,""A Level History A (H505)"",""- Thematic study and historical interpretations"",80,61,55,46,37,29,21
2025,H443,""A Level Latin"",""01 Unseen translation"",100,81,67,59,51,43,34
2025,H443,""A Level Latin"",""02 Prose composition or comprehension"",50,37,33,29,24,19,15
2025,H443,""A Level Latin"",""03 Prose literature"",75,65,53,45,37,30,23
2025,H443,""A Level Latin"",""04 Verse literature"",75,61,52,44,37,30,23
2025,H418,""A Level Law"",""01 The legal system and criminal law"",80,62,52,41,31,21,11
2025,H418,""A Level Law"",""02 Law making and the law of tort"",80,57,48,39,29,19,10
2025,H418,""A Level Law"",""03 The nature of law and Human rights"",80,56,47,38,29,20,11
2025,H418,""A Level Law"",""04 The nature of law and the law of contract"",80,56,47,38,29,20,11
2025,H240,""A Level Mathematics A"",""01 Pure Mathematics"",100,84,69,57,46,34,23
2025,H240,""A Level Mathematics A"",""02 Pure Mathematics and Statistics"",100,83,67,56,45,34,23
2025,H240,""A Level Mathematics A"",""03 Pure Mathematics and Mechanics"",100,75,60,50,39,29,18
2025,Y540,""A Level Further Mathematics A (H245)"",""01 Pure Core 1"",75,53,45,38,31,24,18
2025,Y541,""A Level Further Mathematics A (H245)"",""01 Pure Core 2"",75,56,49,42,35,28,21
2025,Y542,""A Level Further Mathematics A (H245)"",""01 Statistics"",75,62,53,44,35,26,17
2025,Y543,""A Level Further Mathematics A (H245)"",""01 Mechanics"",75,60,51,42,34,26,18
2025,Y544,""A Level Further Mathematics A (H245)"",""01 Discrete Mathematics"",75,56,48,39,31,23,15
2025,Y545,""A Level Further Mathematics A (H245)"",""01 Additional Pure Mathematics"",75,57,49,40,31,22,14
2025,H640,""A Level Mathematics B (MEI)"",""01 Pure Mathematics and Mechanics"",100,89,73,60,48,35,22
2025,H640,""A Level Mathematics B (MEI)"",""02 Pure Mathematics and Statistics"",100,76,65,55,44,34,23
2025,H640,""A Level Mathematics B (MEI)"",""03 Pure Mathematics and Comprehension"",75,61,52,44,36,28,21
2025,Y420,""A Level Further Mathematics B (MEI) (H645)"",""01 Core Pure"",144,124,110,91,72,53,34
2025,Y421,""A Level Further Mathematics B (MEI) (H645)"",""01 Mechanics Major"",120,86,75,63,51,39,28
2025,Y422,""A Level Further Mathematics B (MEI) (H645)"",""01 Statistics Major"",120,98,87,73,60,47,34
2025,Y431,""A Level Further Mathematics B (MEI) (H645)"",""01 Mechanics Minor"",60,45,36,30,25,20,15
2025,Y432,""A Level Further Mathematics B (MEI) (H645)"",""01 Statistics Minor"",60,50,44,37,30,24,18
2025,Y433,""A Level Further Mathematics B (MEI) (H645)"",""01 Modelling with Algorithms"",60,44,37,32,27,22,18
2025,Y434,""A Level Further Mathematics B (MEI) (H645)"",""01 Numerical Methods"",60,47,39,32,26,20,14
2025,Y435,""A Level Further Mathematics B (MEI) (H645)"",""01 Extra Pure"",60,47,39,32,25,18,12
2025,Y436,""A Level Further Mathematics B (MEI) (H645)"",""01 Further Pure with Technology"",60,45,37,31,26,21,16
2025,H409,""A Level Media Studies"",""01 Media messages"",70,54,47,40,32,24,15
2025,H409,""A Level Media Studies"",""02 Evolving media"",70,51,44,36,28,20,13
2025,H409,""A Level Media Studies"",""03 Making media (Moderated Upload)"",60,53,47,39,32,25,18
2025,H409,""A Level Media Studies"",""04 Making media (Moderated Postal)"",60,53,47,39,32,25,18
2025,H543,""A Level Music"",""01 Performing A"",75,67,60,53,46,38,31
2025,H543,""A Level Music"",""02 Performing B"",105,94,84,74,63,52,42
2025,H543,""A Level Music"",""03 Composing A"",105,94,83,72,61,51,41
2025,H543,""A Level Music"",""04 Composing B"",75,67,59,51,44,37,30
2025,H543,""A Level Music"",""05 Listening and appraising"",120,88,79,70,61,52,42
2025,H555,""A Level Physical Education"",""01 Physiological factors affecting performance"",90,59,52,46,39,32,23
2025,H555,""A Level Physical Education"",""02 Psychological factors affecting performance"",60,47,42,38,32,27,22
2025,H555,""A Level Physical Education"",""03 Socio-cultural issues in physical activity and sport"",60,44,39,34,30,26,22
2025,H555,""A Level Physical Education"",""05 Practical Performances"",30,24,22,18,15,12,9
2025,H555,""A Level Physical Education"",""06 Evaluating and Analysing Performance for Improvement (Moderated Postal)"",30,21,19,16,13,10,8
2025,H555,""A Level Physical Education"",""07 Evaluating and Analysing Performance for Improvement (Moderated Upload)"",30,21,19,16,13,10,8
2025,H556,""A Level Physics A"",""01 Modelling physics"",100,75,66,56,46,36,26
2025,H556,""A Level Physics A"",""02 Exploring physics"",100,84,74,62,50,39,27
2025,H556,""A Level Physics A"",""03 Unified physics"",70,47,39,33,27,21,16
2025,H557,""A Level Physics B (Advancing Physics)"",""01 Fundamentals of physics"",110,87,75,64,52,40,28
2025,H557,""A Level Physics B (Advancing Physics)"",""02 Scientific literacy in physics"",100,72,61,49,38,26,15
2025,H557,""A Level Physics B (Advancing Physics)"",""03 Practical skills in physics"",60,44,38,32,26,21,16
2025,H567,""A Level Psychology"",""01 Research methods"",90,73,67,57,46,36,26
2025,H567,""A Level Psychology"",""02 Psychological themes through core studies"",105,78,70,59,48,36,25
2025,H567,""A Level Psychology"",""03 Applied psychology"",105,71,63,52,42,32,22
2025,H573,""A Level Religious Studies"",""01 Philosophy of religion"",120,102,87,72,57,42,27
2025,H573,""A Level Religious Studies"",""02 Religion and ethics"",120,98,87,72,57,42,26
2025,H573,""A Level Religious Studies"",""03 Developments in Christian thought"",120,98,85,70,55,40,26
2025,H573,""A Level Religious Studies"",""04 Developments in Islamic thought"",120,98,85,70,55,40,26
2025,H573,""A Level Religious Studies"",""05 Developments in Jewish thought"",120,98,85,70,55,40,26
2025,H573,""A Level Religious Studies"",""06 Developments in Buddhist thought"",120,98,85,70,55,40,26
2025,H573,""A Level Religious Studies"",""07 Developments in Hindu thought"",120,98,85,70,55,40,26
2025,H580,""A Level Sociology"",""01 Socialisation, culture and identity"",90,87,78,65,53,41,29
2025,H580,""A Level Sociology"",""02 Researching and understanding social inequalities"",105,87,80,67,53,40,26
2025,H580,""A Level Sociology"",""03 Debates in contemporary society"",105,86,78,65,52,39,27